filename,image_id,annotation_id,object_area,image_area,image_height,image_width,ratio,is_night
LARD_test_synth_CYUL_06L_35_09.jpeg,1,1,4640.0,6482304,2648,2448,0.0007157948778705842,False
LARD_test_synth_CYUL_06L_35_10.jpeg,2,2,8700.0,6482304,2648,2448,0.0013421153960073455,False
LARD_test_synth_CYUL_06L_35_11.jpeg,3,3,7665.0,6482304,2648,2448,0.001182449943723713,False
LARD_test_synth_CYUL_06L_35_12.jpeg,4,4,11270.0,6482304,2648,2448,0.0017385793693106648,False
LARD_test_synth_CYUL_06L_35_13.jpeg,5,5,12936.0,6482304,2648,2448,0.001995586754339198,False
LARD_test_synth_CYUL_06L_35_14.jpeg,6,6,21488.0,6482304,2648,2448,0.0033148707620006715,False
LARD_test_synth_CYUL_06L_35_15.jpeg,7,7,35190.0,6482304,2648,2448,0.005428625377643504,False
LARD_test_synth_CYUL_06L_35_16.jpeg,8,8,23798.0,6482304,2648,2448,0.0036712255395612422,False
LARD_test_synth_CYUL_06L_35_17.jpeg,9,9,32750.0,6482304,2648,2448,0.005052216002211559,False
LARD_test_synth_CYUL_06L_35_18.jpeg,10,10,29684.0,6482304,2648,2448,0.004579236024722074,False
LARD_test_synth_CYUL_06L_35_19.jpeg,11,11,38016.0,6482304,2648,2448,0.005864581482139684,False
LARD_test_synth_CYUL_06L_35_20.jpeg,12,12,51088.0,6482304,2648,2448,0.007881148431175088,False
LARD_test_synth_CYUL_06L_35_21.jpeg,13,13,38016.0,6482304,2648,2448,0.005864581482139684,False
LARD_test_synth_CYUL_06L_35_22.jpeg,14,14,74000.0,6482304,2648,2448,0.011415694172936043,False
LARD_test_synth_CYUL_06L_35_23.jpeg,15,15,92000.0,6482304,2648,2448,0.014192484647433999,False
LARD_test_synth_CYUL_06L_35_24.jpeg,16,16,123353.0,6482304,2648,2448,0.01902919085559702,False
LARD_test_synth_CYUL_06L_35_25.jpeg,17,17,148708.0,6482304,2648,2448,0.02294060877120234,False
LARD_test_synth_CYUL_06L_35_26.jpeg,18,18,134142.0,6482304,2648,2448,0.020693568212783602,False
LARD_test_synth_CYUL_24R_35_08.jpeg,19,19,6083.0,6482304,2648,2448,0.0009384009142428371,False
LARD_test_synth_CYUL_24R_35_09.jpeg,20,20,13685.0,6482304,2648,2448,0.0021111320913058075,False
LARD_test_synth_CYUL_24R_35_10.jpeg,21,21,10406.0,6482304,2648,2448,0.0016052934265347628,False
LARD_test_synth_CYUL_24R_35_11.jpeg,22,22,4620.0,6482304,2648,2448,0.0007127095551211422,False
LARD_test_synth_CYUL_24R_35_12.jpeg,23,23,8134.0,6482304,2648,2448,0.001254800762198132,False
LARD_test_synth_CYUL_24R_35_13.jpeg,24,24,8375.0,6482304,2648,2448,0.0012919789013289102,False
LARD_test_synth_CYUL_24R_35_14.jpeg,25,25,8232.0,6482304,2648,2448,0.0012699188436703986,False
LARD_test_synth_CYUL_24R_35_15.jpeg,26,26,10965.0,6482304,2648,2448,0.0016915281973816716,False
LARD_test_synth_CYUL_24R_35_16.jpeg,27,27,20212.0,6482304,2648,2448,0.0031180271705862606,False
LARD_test_synth_CYUL_24R_35_17.jpeg,28,28,31654.0,6482304,2648,2448,0.004883140315542128,False
LARD_test_synth_CYUL_24R_35_18.jpeg,29,29,21243.0,6482304,2648,2448,0.0032770755583200048,False
LARD_test_synth_CYUL_24R_35_19.jpeg,30,30,14256.0,6482304,2648,2448,0.0021992180558023816,False
LARD_test_synth_CYUL_24R_35_20.jpeg,31,31,28148.0,6482304,2648,2448,0.004342283237564915,False
LARD_test_synth_CYUL_24R_35_21.jpeg,32,32,16625.0,6482304,2648,2448,0.0025646745354738066,False
LARD_test_synth_CYUL_24R_35_22.jpeg,33,33,20961.0,6482304,2648,2448,0.00323357250755287,False
LARD_test_synth_CYUL_24R_35_23.jpeg,34,34,17969.0,6482304,2648,2448,0.0027720082242363208,False
LARD_test_synth_CYUL_24R_35_24.jpeg,35,35,19530.0,6482304,2648,2448,0.0030128176648302825,False
LARD_test_synth_CYUL_24R_35_25.jpeg,36,36,24009.0,6482304,2648,2448,0.0037037756945678575,False
LARD_test_synth_CYUL_24R_35_26.jpeg,37,37,24450.0,6482304,2648,2448,0.0037718070611930574,False
LARD_test_synth_CYUL_24R_35_27.jpeg,38,38,29225.0,6482304,2648,2448,0.0045084278676223765,False
LARD_test_synth_CYUL_24R_35_28.jpeg,39,39,51408.0,6482304,2648,2448,0.007930513595166163,False
LARD_test_synth_CYUL_24R_35_29.jpeg,40,40,41448.0,6482304,2648,2448,0.006394022865943961,False
LARD_test_synth_CYUL_24R_35_30.jpeg,41,41,47498.0,6482304,2648,2448,0.007327332997650218,False
LARD_test_synth_CYUL_24R_35_31.jpeg,42,42,66024.0,6482304,2648,2448,0.010185267460458504,False
LARD_test_synth_CYUL_24R_35_32.jpeg,43,43,683222.0,6482304,2648,2448,0.10539801897596904,False
LARD_test_synth_CYVR_08L_35_02.jpeg,44,44,3240.0,6482304,2648,2448,0.0004998222854096322,False
LARD_test_synth_CYVR_08L_35_03.jpeg,45,45,2688.0,6482304,2648,2448,0.00041466737752502813,False
LARD_test_synth_CYVR_08L_35_04.jpeg,46,46,4278.0,6482304,2648,2448,0.000659950536105681,False
LARD_test_synth_CYVR_08L_35_05.jpeg,47,47,3741.0,6482304,2648,2448,0.0005771096202831586,False
LARD_test_synth_CYVR_08L_35_06.jpeg,48,48,6561.0,6482304,2648,2448,0.001012140127954505,False
LARD_test_synth_CYVR_08L_35_07.jpeg,49,49,5236.0,6482304,2648,2448,0.000807737495803961,False
LARD_test_synth_CYVR_08L_35_08.jpeg,50,50,4732.0,6482304,2648,2448,0.0007299873625180183,False
LARD_test_synth_CYVR_08L_35_09.jpeg,51,51,8769.0,6482304,2648,2448,0.001352759759492921,False
LARD_test_synth_CYVR_08L_35_10.jpeg,52,52,12298.0,6482304,2648,2448,0.0018971649586319926,False
LARD_test_synth_CYVR_08L_35_11.jpeg,53,53,18444.0,6482304,2648,2448,0.0028452846395355725,False
LARD_test_synth_CYVR_08L_35_12.jpeg,54,54,15229.0,6482304,2648,2448,0.0023493190075627433,False
LARD_test_synth_CYVR_08L_35_13.jpeg,55,55,14136.0,6482304,2648,2448,0.002180706119305728,False
LARD_test_synth_CYVR_08L_35_14.jpeg,56,56,14840.0,6482304,2648,2448,0.0022893094800860926,False
LARD_test_synth_CYVR_08L_35_15.jpeg,57,57,19782.0,6482304,2648,2448,0.003051692731473254,False
LARD_test_synth_CYVR_08L_35_16.jpeg,58,58,18176.0,6482304,2648,2448,0.0028039413146930476,False
LARD_test_synth_CYVR_08L_35_17.jpeg,59,59,29240.0,6482304,2648,2448,0.004510741859684458,False
LARD_test_synth_CYVR_08L_35_18.jpeg,60,60,39321.0,6482304,2648,2448,0.006065898791540785,False
LARD_test_synth_CYVR_08L_35_19.jpeg,61,61,42458.0,6482304,2648,2448,0.00654983166479079,False
LARD_test_synth_CYVR_08L_35_20.jpeg,62,62,26970.0,6482304,2648,2448,0.0041605577276227716,False
LARD_test_synth_CYVR_08L_35_21.jpeg,63,63,32110.0,6482304,2648,2448,0.00495348567422941,False
LARD_test_synth_CYVR_08L_35_22.jpeg,64,64,58786.0,6482304,2648,2448,0.00906868915743538,False
LARD_test_synth_CYVR_08L_35_23.jpeg,65,65,49984.0,6482304,2648,2448,0.00771083861540588,False
LARD_test_synth_CYVR_08L_35_24.jpeg,66,66,48306.0,6482304,2648,2448,0.007451980036727682,False
LARD_test_synth_CYVR_08L_35_25.jpeg,67,67,47817.0,6482304,2648,2448,0.0073765438955038206,False
LARD_test_synth_CYVR_08L_35_26.jpeg,68,68,45076.0,6482304,2648,2448,0.006953700412692771,False
LARD_test_synth_CYVR_08L_35_27.jpeg,69,69,84611.0,6482304,2648,2448,0.013052612157652587,False
LARD_test_synth_CYVR_08L_35_28.jpeg,70,70,114103.0,6482304,2648,2448,0.017602229083980018,False
LARD_test_synth_CYVR_08L_35_29.jpeg,71,71,158721.0,6482304,2648,2448,0.024485275605710562,False
LARD_test_synth_CYVR_08L_35_30.jpeg,72,72,113049.0,6482304,2648,2448,0.017439632575084414,False
LARD_test_synth_CYVR_08L_35_31.jpeg,73,73,155925.0,6482304,2648,2448,0.024053947485338546,False
LARD_test_synth_CYVR_08L_35_32.jpeg,74,74,275968.0,6482304,2648,2448,0.04257251742590289,False
LARD_test_synth_CYVR_26R_35_01.jpeg,75,75,6188.0,6482304,2648,2448,0.0009545988586774086,False
LARD_test_synth_CYVR_26R_35_02.jpeg,76,76,5986.0,6482304,2648,2448,0.0009234370989080426,False
LARD_test_synth_CYVR_26R_35_03.jpeg,77,77,5427.0,6482304,2648,2448,0.0008372023280611338,False
LARD_test_synth_CYVR_26R_35_04.jpeg,78,78,9500.0,6482304,2648,2448,0.0014655283059850325,False
LARD_test_synth_CYVR_26R_35_05.jpeg,79,79,5063.0,6482304,2648,2448,0.0007810494540212863,False
LARD_test_synth_CYVR_26R_35_06.jpeg,80,80,8760.0,6482304,2648,2448,0.0013513713642556721,False
LARD_test_synth_CYVR_26R_35_07.jpeg,81,81,10944.0,6482304,2648,2448,0.0016882886084947574,False
LARD_test_synth_CYVR_26R_35_08.jpeg,82,82,5251.0,6482304,2648,2448,0.0008100514878660427,False
LARD_test_synth_CYVR_26R_35_09.jpeg,83,83,24156.0,6482304,2648,2448,0.003726452816776257,False
LARD_test_synth_CYVR_26R_35_10.jpeg,84,84,8667.0,6482304,2648,2448,0.001337024613470766,False
LARD_test_synth_CYVR_26R_35_11.jpeg,85,85,21024.0,6482304,2648,2448,0.003243291274213613,False
LARD_test_synth_CYVR_26R_35_12.jpeg,86,86,16430.0,6482304,2648,2448,0.002534592638666746,False
LARD_test_synth_CYVR_26R_35_13.jpeg,87,87,20125.0,6482304,2648,2448,0.003104606016626187,False
LARD_test_synth_CYVR_26R_35_14.jpeg,88,88,12960.0,6482304,2648,2448,0.0019992891416385286,False
LARD_test_synth_CYVR_26R_35_15.jpeg,89,89,26085.0,6482304,2648,2448,0.004024032195959955,False
LARD_test_synth_CYVR_26R_35_16.jpeg,90,90,13310.0,6482304,2648,2448,0.0020532822897537666,False
LARD_test_synth_CYVR_26R_35_17.jpeg,91,91,25576.0,6482304,2648,2448,0.003945510731986652,False
LARD_test_synth_CYVR_26R_35_18.jpeg,92,92,16779.0,6482304,2648,2448,0.0025884315206445114,False
LARD_test_synth_CYVR_26R_35_19.jpeg,93,93,30653.0,6482304,2648,2448,0.004728719911932548,False
LARD_test_synth_CYVR_26R_35_20.jpeg,94,94,26316.0,6482304,2648,2448,0.004059667673716012,False
LARD_test_synth_CYVR_26R_35_21.jpeg,95,95,27900.0,6482304,2648,2448,0.0043040252354718325,False
LARD_test_synth_CYVR_26R_35_22.jpeg,96,96,43472.0,6482304,2648,2448,0.006706257528187509,False
LARD_test_synth_CYVR_26R_35_23.jpeg,97,97,124818.0,6482304,2648,2448,0.01925519074699366,False
LARD_test_synth_CYVR_26R_35_24.jpeg,98,98,150195.0,6482304,2648,2448,0.023170002517623363,False
LARD_test_synth_CYVR_26R_35_25.jpeg,99,99,153470.0,6482304,2648,2448,0.02367522411784452,False
LARD_test_synth_CYVR_26R_35_26.jpeg,100,100,163560.0,6482304,2648,2448,0.025231769444938094,False
LARD_test_synth_CYYZ_05_35_00.jpeg,101,101,5913.0,6482304,2648,2448,0.0009121756708725786,False
LARD_test_synth_CYYZ_05_35_01.jpeg,102,102,4760.0,6482304,2648,2448,0.0007343068143672374,False
LARD_test_synth_CYYZ_05_35_02.jpeg,103,103,11880.0,6482304,2648,2448,0.0018326817131686512,False
LARD_test_synth_CYYZ_05_35_03.jpeg,104,104,4312.0,6482304,2648,2448,0.0006651955847797326,False
LARD_test_synth_CYYZ_05_35_04.jpeg,105,105,4180.0,6482304,2648,2448,0.0006448324546334143,False
LARD_test_synth_CYYZ_05_35_05.jpeg,106,106,5278.0,6482304,2648,2448,0.0008142166735777897,False
LARD_test_synth_CYYZ_05_35_06.jpeg,107,107,9044.0,6482304,2648,2448,0.001395182947297751,False
LARD_test_synth_CYYZ_05_35_07.jpeg,108,108,12312.0,6482304,2648,2448,0.0018993246845566021,False
LARD_test_synth_CYYZ_05_35_08.jpeg,109,109,11990.0,6482304,2648,2448,0.001849650988290583,False
LARD_test_synth_CYYZ_05_35_09.jpeg,110,110,13545.0,6482304,2648,2448,0.002089534832059712,False
LARD_test_synth_CYYZ_05_35_10.jpeg,111,111,16120.0,6482304,2648,2448,0.002486770136050392,False
LARD_test_synth_CYYZ_05_35_11.jpeg,112,112,15049.0,6482304,2648,2448,0.0023215511028177637,False
LARD_test_synth_CYYZ_05_35_12.jpeg,113,113,24624.0,6482304,2648,2448,0.0037986493691132043,False
LARD_test_synth_CYYZ_05_35_13.jpeg,114,114,24426.0,6482304,2648,2448,0.003768104673893727,False
LARD_test_synth_CYYZ_05_35_14.jpeg,115,115,16895.0,6482304,2648,2448,0.0026063263925912763,False
LARD_test_synth_CYYZ_05_35_15.jpeg,116,116,12584.0,6482304,2648,2448,0.0019412850739490156,False
LARD_test_synth_CYYZ_05_35_16.jpeg,117,117,21504.0,6482304,2648,2448,0.003317339020200225,False
LARD_test_synth_CYYZ_05_35_17.jpeg,118,118,17214.0,6482304,2648,2448,0.002655537290444879,False
LARD_test_synth_CYYZ_05_35_18.jpeg,119,119,16830.0,6482304,2648,2448,0.002596299093655589,False
LARD_test_synth_CYYZ_05_35_19.jpeg,120,120,14868.0,6482304,2648,2448,0.0022936289319353117,False
LARD_test_synth_CYYZ_05_35_20.jpeg,121,121,28620.0,6482304,2648,2448,0.00441509685445175,False
LARD_test_synth_CYYZ_05_35_21.jpeg,122,122,19788.0,6482304,2648,2448,0.0030526183282980866,False
LARD_test_synth_CYYZ_05_35_22.jpeg,123,123,31229.0,6482304,2648,2448,0.004817577207116482,False
LARD_test_synth_CYYZ_05_35_23.jpeg,124,124,40545.0,6482304,2648,2448,0.0062547205438066465,False
LARD_test_synth_CYYZ_05_35_24.jpeg,125,125,71442.0,6482304,2648,2448,0.011021081393282388,False
LARD_test_synth_CYYZ_05_35_25.jpeg,126,126,40860.0,6482304,2648,2448,0.006303314377110361,False
LARD_test_synth_CYYZ_05_35_26.jpeg,127,127,62451.0,6482304,2648,2448,0.009634074551270659,False
LARD_test_synth_CYYZ_05_35_27.jpeg,128,128,79904.0,6482304,2648,2448,0.012326481448571373,False
LARD_test_synth_CYYZ_05_35_28.jpeg,129,129,91287.0,6482304,2648,2448,0.014082492891416385,False
LARD_test_synth_CYYZ_05_35_29.jpeg,130,130,169809.0,6482304,2648,2448,0.026195778538001303,False
LARD_test_synth_CYYZ_05_35_30.jpeg,131,131,221266.0,6482304,2648,2448,0.0341338511739036,False
LARD_test_synth_CYYZ_05_35_31.jpeg,132,132,268272.0,6482304,2648,2448,0.04138528523191754,False
LARD_test_synth_CYYZ_05_35_32.jpeg,133,133,520191.0,6482304,2648,2448,0.08024785631775369,False
LARD_test_synth_CYYZ_23_35_00.jpeg,134,134,5304.0,6482304,2648,2448,0.0008182275931520645,False
LARD_test_synth_CYYZ_23_35_01.jpeg,135,135,4582.0,6482304,2648,2448,0.000706847441897202,False
LARD_test_synth_CYYZ_23_35_02.jpeg,136,136,4365.0,6482304,2648,2448,0.0006733716900657544,False
LARD_test_synth_CYYZ_23_35_03.jpeg,137,137,5208.0,6482304,2648,2448,0.000803418043954742,False
LARD_test_synth_CYYZ_23_35_04.jpeg,138,138,7725.0,6482304,2648,2448,0.0011917059119720395,False
LARD_test_synth_CYYZ_23_35_05.jpeg,139,139,12474.0,6482304,2648,2448,0.0019243157988270837,False
LARD_test_synth_CYYZ_23_35_06.jpeg,140,140,4158.0,6482304,2648,2448,0.0006414385996090279,False
LARD_test_synth_CYYZ_23_35_07.jpeg,141,141,12320.0,6482304,2648,2448,0.001900558813656379,False
LARD_test_synth_CYYZ_23_35_08.jpeg,142,142,6478.0,6482304,2648,2448,0.00099933603854432,False
LARD_test_synth_CYYZ_23_35_09.jpeg,143,143,5780.0,6482304,2648,2448,0.0008916582745887882,False
LARD_test_synth_CYYZ_23_35_10.jpeg,144,144,11270.0,6482304,2648,2448,0.0017385793693106648,False
LARD_test_synth_CYYZ_23_35_11.jpeg,145,145,7076.0,6482304,2648,2448,0.001091587188752641,False
LARD_test_synth_CYYZ_23_35_12.jpeg,146,146,13230.0,6482304,2648,2448,0.002040940998755998,False
LARD_test_synth_CYYZ_23_35_13.jpeg,147,147,6831.0,6482304,2648,2448,0.0010537919850719744,False
LARD_test_synth_CYYZ_23_35_14.jpeg,148,148,15624.0,6482304,2648,2448,0.0024102541318642263,False
LARD_test_synth_CYYZ_23_35_15.jpeg,149,149,11680.0,6482304,2648,2448,0.0018018284856742295,False
LARD_test_synth_CYYZ_23_35_16.jpeg,150,150,18630.0,6482304,2648,2448,0.002873978141105385,False
LARD_test_synth_CYYZ_23_35_17.jpeg,151,151,13054.0,6482304,2648,2448,0.0020137901585609067,False
LARD_test_synth_CYYZ_23_35_18.jpeg,152,152,10998.0,6482304,2648,2448,0.0016966189799182514,False
LARD_test_synth_CYYZ_23_35_19.jpeg,153,153,18178.0,6482304,2648,2448,0.002804249846967992,False
LARD_test_synth_CYYZ_23_35_20.jpeg,154,154,19838.0,6482304,2648,2448,0.003060331635171692,False
LARD_test_synth_CYYZ_23_35_21.jpeg,155,155,32886.0,6482304,2648,2448,0.0050731961969077664,False
LARD_test_synth_CYYZ_23_35_22.jpeg,156,156,18165.0,6482304,2648,2448,0.0028022443871808544,False
LARD_test_synth_CYYZ_23_35_23.jpeg,157,157,34250.0,6482304,2648,2448,0.005283615208419723,False
LARD_test_synth_CYYZ_23_35_24.jpeg,158,158,47575.0,6482304,2648,2448,0.007339211490235571,False
LARD_test_synth_CYYZ_23_35_25.jpeg,159,159,22350.0,6482304,2648,2448,0.003447848172501629,False
LARD_test_synth_CYYZ_23_35_26.jpeg,160,160,33540.0,6482304,2648,2448,0.005174086250814525,False
LARD_test_synth_CYYZ_23_35_27.jpeg,161,161,42921.0,6482304,2648,2448,0.006621256886440377,False
LARD_test_synth_CYYZ_23_35_28.jpeg,162,162,49504.0,6482304,2648,2448,0.007636790869419268,False
LARD_test_synth_CYYZ_23_35_29.jpeg,163,163,48650.0,6482304,2648,2448,0.007505047588018087,False
LARD_test_synth_DAAS_27_35_00.jpeg,164,164,6348.0,6482304,2648,2448,0.0009792814406729459,False
LARD_test_synth_DAAS_27_35_01.jpeg,165,165,3649.0,6482304,2648,2448,0.0005629171356357246,False
LARD_test_synth_DAAS_27_35_02.jpeg,166,166,2584.0,6482304,2648,2448,0.00039862369922792883,False
LARD_test_synth_DAAS_27_35_03.jpeg,167,167,10947.0,6482304,2648,2448,0.0016887514069071738,False
LARD_test_synth_DAAS_27_35_04.jpeg,168,168,5220.0,6482304,2648,2448,0.0008052692376044073,False
LARD_test_synth_DAAS_27_35_05.jpeg,169,169,11187.0,6482304,2648,2448,0.0017257752799004799,False
LARD_test_synth_DAAS_27_35_06.jpeg,170,170,3354.0,6482304,2648,2448,0.0005174086250814525,False
LARD_test_synth_DAAS_27_35_07.jpeg,171,171,13770.0,6482304,2648,2448,0.0021242447129909366,False
LARD_test_synth_DAAS_27_35_08.jpeg,172,172,6144.0,6482304,2648,2448,0.0009478111486286358,False
LARD_test_synth_DAAS_27_35_09.jpeg,173,173,6105.0,6482304,2648,2448,0.0009417947692672235,False
LARD_test_synth_DAAS_27_35_10.jpeg,174,174,11058.0,6482304,2648,2448,0.0017058749481665778,False
LARD_test_synth_DAAS_27_35_11.jpeg,175,175,13802.0,6482304,2648,2448,0.0021291812293900442,False
LARD_test_synth_DAAS_27_35_12.jpeg,176,176,10197.0,6482304,2648,2448,0.0015730518038030922,False
LARD_test_synth_DAAS_27_35_13.jpeg,177,177,19250.0,6482304,2648,2448,0.002969623146338092,False
LARD_test_synth_DAAS_27_35_14.jpeg,178,178,17549.0,6482304,2648,2448,0.0027072164464980353,False
LARD_test_synth_DAAS_27_35_15.jpeg,179,179,10573.0,6482304,2648,2448,0.001631055871492605,False
LARD_test_synth_DAAS_27_35_16.jpeg,180,180,9372.0,6482304,2648,2448,0.0014457822403886025,False
LARD_test_synth_DAAS_27_35_17.jpeg,181,181,21240.0,6482304,2648,2448,0.0032766127599075886,False
LARD_test_synth_DAAS_27_35_18.jpeg,182,182,29625.0,6482304,2648,2448,0.00457013432261122,False
LARD_test_synth_DAAS_27_35_19.jpeg,183,183,12177.0,6482304,2648,2448,0.0018784987559978673,False
LARD_test_synth_DAAS_27_35_20.jpeg,184,184,21248.0,6482304,2648,2448,0.003277846889007365,False
LARD_test_synth_DAAS_27_35_21.jpeg,185,185,13426.0,6482304,2648,2448,0.002071177161700531,False
LARD_test_synth_DAAS_27_35_22.jpeg,186,186,16274.0,6482304,2648,2448,0.0025105271212210968,False
LARD_test_synth_DAAS_27_35_23.jpeg,187,187,20447.0,6482304,2648,2448,0.003154279712892206,False
LARD_test_synth_DAAS_27_35_24.jpeg,188,188,39411.0,6482304,2648,2448,0.006079782743913275,False
LARD_test_synth_DAAS_27_35_25.jpeg,189,189,20160.0,6482304,2648,2448,0.003110005331437711,False
LARD_test_synth_DAAS_27_35_26.jpeg,190,190,23718.0,6482304,2648,2448,0.003658884248563474,False
LARD_test_synth_DAAS_27_35_27.jpeg,191,191,36432.0,6482304,2648,2448,0.0056202239203838635,False
LARD_test_synth_DAAS_27_35_28.jpeg,192,192,92247.0,6482304,2648,2448,0.014230588383389609,False
LARD_test_synth_DAAS_27_35_29.jpeg,193,193,220336.0,6482304,2648,2448,0.03399038366605454,False
LARD_test_synth_DAAS_27_35_30.jpeg,194,194,285156.0,6482304,2648,2448,0.043989914696996625,False
LARD_test_synth_DAAS_9_35_00.jpeg,195,195,4416.0,6482304,2648,2448,0.000681239263076832,False
LARD_test_synth_DAAS_9_35_01.jpeg,196,196,2613.0,6482304,2648,2448,0.00040309741721462,False
LARD_test_synth_DAAS_9_35_02.jpeg,197,197,5893.0,6482304,2648,2448,0.0009090903481231364,False
LARD_test_synth_DAAS_9_35_03.jpeg,198,198,2952.0,6482304,2648,2448,0.00045539363781766485,False
LARD_test_synth_DAAS_9_35_04.jpeg,199,199,3920.0,6482304,2648,2448,0.000604723258890666,False
LARD_test_synth_DAAS_9_35_05.jpeg,200,200,8280.0,6482304,2648,2448,0.00127732361826906,False
LARD_test_synth_DAAS_9_35_06.jpeg,201,201,6370.0,6482304,2648,2448,0.0009826752956973322,False
LARD_test_synth_DAAS_9_35_07.jpeg,202,202,8366.0,6482304,2648,2448,0.0012905905060916613,False
LARD_test_synth_DAAS_9_35_08.jpeg,203,203,9548.0,6482304,2648,2448,0.0014729330805836936,False
LARD_test_synth_DAAS_9_35_09.jpeg,204,204,2790.0,6482304,2648,2448,0.00043040252354718323,False
LARD_test_synth_DAAS_9_35_10.jpeg,205,205,4345.0,6482304,2648,2448,0.0006702863673163122,False
LARD_test_synth_DAAS_9_35_11.jpeg,206,206,4872.0,6482304,2648,2448,0.0007515846217641135,False
LARD_test_synth_DAAS_9_35_12.jpeg,207,207,15875.0,6482304,2648,2448,0.0024489749323697253,False
LARD_test_synth_DAAS_9_35_13.jpeg,208,208,6136.0,6482304,2648,2448,0.0009465770195288589,False
LARD_test_synth_DAAS_9_35_14.jpeg,209,209,17568.0,6482304,2648,2448,0.0027101475031100055,False
LARD_test_synth_DAAS_9_35_15.jpeg,210,210,6935.0,6482304,2648,2448,0.0010698356633690737,False
LARD_test_synth_DAAS_9_35_16.jpeg,211,211,14472.0,6482304,2648,2448,0.002232539541496357,False
LARD_test_synth_DAAS_9_35_17.jpeg,212,212,12876.0,6482304,2648,2448,0.0019863307860908713,False
LARD_test_synth_DAAS_9_35_18.jpeg,213,213,14964.0,6482304,2648,2448,0.0023084384811326345,False
LARD_test_synth_DAAS_9_35_19.jpeg,214,214,12546.0,6482304,2648,2448,0.0019354229607250755,False
LARD_test_synth_DAAS_9_35_20.jpeg,215,215,21971.0,6482304,2648,2448,0.0033893813063997,False
LARD_test_synth_DAAS_9_35_21.jpeg,216,216,22278.0,6482304,2648,2448,0.0034367410106036374,False
LARD_test_synth_DAAS_9_35_22.jpeg,217,217,46294.0,6482304,2648,2448,0.0071415965681338,False
LARD_test_synth_DAAS_9_35_23.jpeg,218,218,57171.0,6482304,2648,2448,0.008819549345417926,False
LARD_test_synth_DAAS_9_35_24.jpeg,219,219,78858.0,6482304,2648,2448,0.012165119068775546,False
LARD_test_synth_DAAS_9_35_25.jpeg,220,220,52320.0,6482304,2648,2448,0.008071204312540726,False
LARD_test_synth_DAAS_9_35_26.jpeg,221,221,49044.0,6482304,2648,2448,0.007565828446182098,False
LARD_test_synth_DAAS_9_35_27.jpeg,222,222,54873.0,6482304,2648,2448,0.00846504576150702,False
LARD_test_synth_DAAS_9_35_28.jpeg,223,223,460852.0,6482304,2648,2448,0.07109385798629624,False
LARD_test_synth_EDDV_09L_35_02.jpeg,224,224,5160.0,6482304,2648,2448,0.0007960132693560808,False
LARD_test_synth_EDDV_09L_35_03.jpeg,225,225,4128.0,6482304,2648,2448,0.0006368106154848646,False
LARD_test_synth_EDDV_09L_35_04.jpeg,226,226,7802.0,6482304,2648,2448,0.0012035844045573919,False
LARD_test_synth_EDDV_09L_35_05.jpeg,227,227,5454.0,6482304,2648,2448,0.0008413675137728808,False
LARD_test_synth_EDDV_09L_35_06.jpeg,228,228,5220.0,6482304,2648,2448,0.0008052692376044073,False
LARD_test_synth_EDDV_09L_35_07.jpeg,229,229,10716.0,6482304,2648,2448,0.0016531159291511166,False
LARD_test_synth_EDDV_09L_35_08.jpeg,230,230,7178.0,6482304,2648,2448,0.0011073223347747962,False
LARD_test_synth_EDDV_09L_35_09.jpeg,231,231,18354.0,6482304,2648,2448,0.002831400687163083,False
LARD_test_synth_EDDV_09L_35_10.jpeg,232,232,4760.0,6482304,2648,2448,0.0007343068143672374,False
LARD_test_synth_EDDV_09L_35_11.jpeg,233,233,6786.0,6482304,2648,2448,0.0010468500088857296,False
LARD_test_synth_EDDV_09L_35_12.jpeg,234,234,19488.0,6482304,2648,2448,0.003006338487056454,False
LARD_test_synth_EDDV_09L_35_13.jpeg,235,235,9701.0,6482304,2648,2448,0.0014965357996169263,False
LARD_test_synth_EDDV_09L_35_14.jpeg,236,236,10148.0,6482304,2648,2448,0.001565492763066959,False
LARD_test_synth_EDDV_09L_35_15.jpeg,237,237,33592.0,6482304,2648,2448,0.005182108089963075,False
LARD_test_synth_EDDV_09L_35_16.jpeg,238,238,13932.0,6482304,2648,2448,0.002149235827261418,False
LARD_test_synth_EDDV_09L_35_17.jpeg,239,239,11780.0,6482304,2648,2448,0.0018172550994214403,False
LARD_test_synth_EDDV_09L_35_18.jpeg,240,240,31620.0,6482304,2648,2448,0.004877895266868076,False
LARD_test_synth_EDDV_09L_35_19.jpeg,241,241,22842.0,6482304,2648,2448,0.0035237471121379064,False
LARD_test_synth_EDDV_09L_35_20.jpeg,242,242,24522.0,6482304,2648,2448,0.003782914223091049,False
LARD_test_synth_EDDV_09L_35_21.jpeg,243,243,62331.0,6482304,2648,2448,0.009615562614774007,False
LARD_test_synth_EDDV_09L_35_22.jpeg,244,244,41743.0,6482304,2648,2448,0.006439531376498233,False
LARD_test_synth_EDDV_09L_35_23.jpeg,245,245,43554.0,6482304,2648,2448,0.006718907351460222,False
LARD_test_synth_EDDV_09L_35_24.jpeg,246,246,61936.0,6482304,2648,2448,0.009554627490472523,False
LARD_test_synth_EDDV_09L_35_25.jpeg,247,247,98371.0,6482304,2648,2448,0.015175314209268802,False
LARD_test_synth_EDDV_09L_35_26.jpeg,248,248,186914.0,6482304,2648,2448,0.028834500819461723,False
LARD_test_synth_EDDV_09L_35_27.jpeg,249,249,214302.0,6482304,2648,2448,0.03305954179254784,False
LARD_test_synth_EDDV_09L_35_28.jpeg,250,250,855872.0,6482304,2648,2448,0.1320320676105286,False
LARD_test_synth_EDDV_27R_35_06.jpeg,251,251,14720.0,6482304,2648,2448,0.0022707975435894397,False
LARD_test_synth_EDDV_27R_35_07.jpeg,252,252,5564.0,6482304,2648,2448,0.0008583367888948127,False
LARD_test_synth_EDDV_27R_35_08.jpeg,253,253,5525.0,6482304,2648,2448,0.0008523204095334005,False
LARD_test_synth_EDDV_27R_35_09.jpeg,254,254,10403.0,6482304,2648,2448,0.0016048306281223467,False
LARD_test_synth_EDDV_27R_35_10.jpeg,255,255,10058.0,6482304,2648,2448,0.0015516088106944691,False
LARD_test_synth_EDDV_27R_35_11.jpeg,256,256,8004.0,6482304,2648,2448,0.0012347461643267578,False
LARD_test_synth_EDDV_27R_35_12.jpeg,257,257,19964.0,6482304,2648,2448,0.0030797691684931777,False
LARD_test_synth_EDDV_27R_35_13.jpeg,258,258,6603.0,6482304,2648,2448,0.0010186193057283336,False
LARD_test_synth_EDDV_27R_35_14.jpeg,259,259,22836.0,6482304,2648,2448,0.0035228215153130737,False
LARD_test_synth_EDDV_27R_35_15.jpeg,260,260,20944.0,6482304,2648,2448,0.003230949983215844,False
LARD_test_synth_EDDV_27R_35_16.jpeg,261,261,16884.0,6482304,2648,2448,0.002604629465079083,False
LARD_test_synth_EDDV_27R_35_17.jpeg,262,262,22152.0,6482304,2648,2448,0.0034173034772821517,False
LARD_test_synth_EDDV_27R_35_18.jpeg,263,263,24464.0,6482304,2648,2448,0.0037739667871176667,False
LARD_test_synth_EDDV_27R_35_19.jpeg,264,264,45059.0,6482304,2648,2448,0.006951077888355745,False
LARD_test_synth_EDDV_27R_35_20.jpeg,265,265,46690.0,6482304,2648,2448,0.0072026859585727545,False
LARD_test_synth_EDDV_27R_35_21.jpeg,266,266,21942.0,6482304,2648,2448,0.003384907588413009,False
LARD_test_synth_EDDV_27R_35_22.jpeg,267,267,36019.0,6482304,2648,2448,0.005556512005607883,False
LARD_test_synth_EDDV_27R_35_23.jpeg,268,268,47614.0,6482304,2648,2448,0.007345227869596983,False
LARD_test_synth_EDDV_27R_35_24.jpeg,269,269,43340.0,6482304,2648,2448,0.006685894398041191,False
LARD_test_synth_EDDV_27R_35_25.jpeg,270,270,99796.0,6482304,2648,2448,0.015395143455166557,False
LARD_test_synth_EDDV_27R_35_26.jpeg,271,271,69402.0,6482304,2648,2448,0.010706378472839288,False
LARD_test_synth_EDDV_27R_35_27.jpeg,272,272,84502.0,6482304,2648,2448,0.013035797148668128,False
LARD_test_synth_EDDV_27R_35_28.jpeg,273,273,113146.0,6482304,2648,2448,0.01745459639041921,False
LARD_test_synth_EDDV_27R_35_30.jpeg,274,274,339300.0,6482304,2648,2448,0.052342500444286476,False
LARD_test_synth_EDDV_27R_35_31.jpeg,275,275,502572.0,6482304,2648,2448,0.0775298412416326,False
LARD_test_synth_EHAM_18R_35_00.jpeg,276,276,7921.0,6482304,2648,2448,0.001221942074916573,False
LARD_test_synth_EHAM_18R_35_01.jpeg,277,277,6365.0,6482304,2648,2448,0.0009819039650099718,False
LARD_test_synth_EHAM_18R_35_02.jpeg,278,278,4608.0,6482304,2648,2448,0.0007108583614714769,False
LARD_test_synth_EHAM_18R_35_03.jpeg,279,279,3680.0,6482304,2648,2448,0.0005676993858973599,False
LARD_test_synth_EHAM_18R_35_04.jpeg,280,280,6278.0,6482304,2648,2448,0.0009684828110498984,False
LARD_test_synth_EHAM_18R_35_05.jpeg,281,281,11644.0,6482304,2648,2448,0.0017962749047252336,False
LARD_test_synth_EHAM_18R_35_06.jpeg,282,282,6111.0,6482304,2648,2448,0.0009427203660920562,False
LARD_test_synth_EHAM_18R_35_07.jpeg,283,283,9900.0,6482304,2648,2448,0.0015272347609738759,False
LARD_test_synth_EHAM_18R_35_08.jpeg,284,284,9568.0,6482304,2648,2448,0.001476018403333136,False
LARD_test_synth_EHAM_18R_35_09.jpeg,285,285,5481.0,6482304,2648,2448,0.0008455326994846277,False
LARD_test_synth_EHAM_18R_35_10.jpeg,286,286,8181.0,6482304,2648,2448,0.001262051270659321,False
LARD_test_synth_EHAM_18R_35_11.jpeg,287,287,8094.0,6482304,2648,2448,0.0012486301166992476,False
LARD_test_synth_EHAM_18R_35_12.jpeg,288,288,8736.0,6482304,2648,2448,0.0013476689769563413,False
LARD_test_synth_EHAM_18R_35_13.jpeg,289,289,8624.0,6482304,2648,2448,0.0013303911695594652,False
LARD_test_synth_EHAM_18R_35_14.jpeg,290,290,14145.0,6482304,2648,2448,0.002182094514542977,False
LARD_test_synth_EHAM_18R_35_15.jpeg,291,291,11622.0,6482304,2648,2448,0.001792881049700847,False
LARD_test_synth_EHAM_18R_35_16.jpeg,292,292,16872.0,6482304,2648,2448,0.0026027782714294176,False
LARD_test_synth_EHAM_18R_35_17.jpeg,293,293,35495.0,6482304,2648,2448,0.005475676549572497,False
LARD_test_synth_EHAM_18R_35_18.jpeg,294,294,15730.0,6482304,2648,2448,0.0024266063424362694,False
LARD_test_synth_EHAM_18R_35_19.jpeg,295,295,26586.0,6482304,2648,2448,0.004101319530833481,False
LARD_test_synth_EHAM_18R_35_20.jpeg,296,296,23085.0,6482304,2648,2448,0.003561233783543629,False
LARD_test_synth_EHAM_18R_35_21.jpeg,297,297,22344.0,6482304,2648,2448,0.0034469225756767964,False
LARD_test_synth_EHAM_18R_35_22.jpeg,298,298,26832.0,6482304,2648,2448,0.00413926900065162,False
LARD_test_synth_EHAM_18R_35_23.jpeg,299,299,19599.0,6482304,2648,2448,0.003023462028315858,False
LARD_test_synth_EHAM_18R_35_24.jpeg,300,300,47759.0,6482304,2648,2448,0.007367596459530439,False
LARD_test_synth_EHAM_18R_35_25.jpeg,301,301,64240.0,6482304,2648,2448,0.009910056671208261,False
LARD_test_synth_EHAM_18R_35_26.jpeg,302,302,60400.0,6482304,2648,2448,0.009317674703315364,False
LARD_test_synth_EHAM_18R_35_27.jpeg,303,303,196075.0,6482304,2648,2448,0.03024773290484371,False
LARD_test_synth_EHAM_18R_35_28.jpeg,304,304,319506.0,6482304,2648,2448,0.049288956519163554,False
LARD_test_synth_EHAM_18R_35_29.jpeg,305,305,198069.0,6482304,2648,2448,0.030555339582963095,False
LARD_test_synth_EHAM_18R_35_30.jpeg,306,306,895916.0,6482304,2648,2448,0.13820950081946173,False
LARD_test_synth_EHAM_18R_35_31.jpeg,307,307,668487.0,6482304,2648,2448,0.10312490744031752,False
LARD_test_synth_EHAM_18R_35_32.jpeg,308,308,683707.0,6482304,2648,2448,0.10547283805264301,False
LARD_test_synth_EHAM_36L_35_00.jpeg,309,309,11218.0,6482304,2648,2448,0.0017305575301621151,False
LARD_test_synth_EHAM_36L_35_01.jpeg,310,310,9292.0,6482304,2648,2448,0.001433440949390834,False
LARD_test_synth_EHAM_36L_35_02.jpeg,311,311,9435.0,6482304,2648,2448,0.0014555010070493454,False
LARD_test_synth_EHAM_36L_35_03.jpeg,312,312,9202.0,6482304,2648,2448,0.0014195569970183442,False
LARD_test_synth_EHAM_36L_35_04.jpeg,313,313,12432.0,6482304,2648,2448,0.001917836621053255,False
LARD_test_synth_EHAM_36L_35_05.jpeg,314,314,12848.0,6482304,2648,2448,0.0019820113342416523,False
LARD_test_synth_EHAM_36L_35_06.jpeg,315,315,5700.0,6482304,2648,2448,0.0008793169835910195,False
LARD_test_synth_EHAM_36L_35_07.jpeg,316,316,10200.0,6482304,2648,2448,0.0015735146022155086,False
LARD_test_synth_EHAM_36L_35_08.jpeg,317,317,9408.0,6482304,2648,2448,0.0014513358213375984,False
LARD_test_synth_EHAM_36L_35_09.jpeg,318,318,16640.0,6482304,2648,2448,0.0025669885275358883,False
LARD_test_synth_EHAM_36L_35_10.jpeg,319,319,9401.0,6482304,2648,2448,0.0014502559583752937,False
LARD_test_synth_EHAM_36L_35_11.jpeg,320,320,7743.0,6482304,2648,2448,0.0011944827024465375,False
LARD_test_synth_EHAM_36L_35_12.jpeg,321,321,11039.0,6482304,2648,2448,0.0017029438915546076,False
LARD_test_synth_EHAM_36L_35_13.jpeg,322,322,11454.0,6482304,2648,2448,0.001766964338605533,False
LARD_test_synth_EHAM_36L_35_14.jpeg,323,323,20125.0,6482304,2648,2448,0.003104606016626187,False
LARD_test_synth_EHAM_36L_35_15.jpeg,324,324,17680.0,6482304,2648,2448,0.0027274253105068814,False
LARD_test_synth_EHAM_36L_35_16.jpeg,325,325,12901.0,6482304,2648,2448,0.0019901874395276743,False
LARD_test_synth_EHAM_36L_35_17.jpeg,326,326,15162.0,6482304,2648,2448,0.002338983176352112,False
LARD_test_synth_EHAM_36L_35_18.jpeg,327,327,29072.0,6482304,2648,2448,0.004484825148589144,False
LARD_test_synth_EHAM_36L_35_19.jpeg,328,328,23400.0,6482304,2648,2448,0.003609827616847343,False
LARD_test_synth_EHAM_36L_35_20.jpeg,329,329,18876.0,6482304,2648,2448,0.0029119276109235235,False
LARD_test_synth_EHAM_36L_35_21.jpeg,330,330,30732.0,6482304,2648,2448,0.004740906936792844,False
LARD_test_synth_EHAM_36L_35_22.jpeg,331,331,39936.0,6482304,2648,2448,0.0061607724660861325,False
LARD_test_synth_EHAM_36L_35_23.jpeg,332,332,42714.0,6482304,2648,2448,0.00658932379598365,False
LARD_test_synth_EHAM_36L_35_24.jpeg,333,333,29280.0,6482304,2648,2448,0.004516912505183342,False
LARD_test_synth_EHAM_36L_35_25.jpeg,334,334,72795.0,6482304,2648,2448,0.011229803477282151,False
LARD_test_synth_EHAM_36L_35_26.jpeg,335,335,62628.0,6482304,2648,2448,0.009661379657603223,False
LARD_test_synth_EHAM_36L_35_27.jpeg,336,336,70266.0,6482304,2648,2448,0.010839664415615189,False
LARD_test_synth_EHAM_36L_35_28.jpeg,337,337,90552.0,6482304,2648,2448,0.013969107280374385,False
LARD_test_synth_EHAM_36L_35_29.jpeg,338,338,91332.0,6482304,2648,2448,0.01408943486760263,False
LARD_test_synth_EHAM_36L_35_30.jpeg,339,339,84847.0,6482304,2648,2448,0.013089018966096006,False
LARD_test_synth_EHAM_36L_35_32.jpeg,340,340,1383668.0,6482304,2648,2448,0.21345311790375768,False
LARD_test_synth_FMEP_15_35_00.jpeg,341,341,1248.0,6482304,2648,2448,0.00019252413956519164,False
LARD_test_synth_FMEP_15_35_01.jpeg,342,342,3355.0,6482304,2648,2448,0.0005175628912189247,False
LARD_test_synth_FMEP_15_35_02.jpeg,343,343,2240.0,6482304,2648,2448,0.00034555614793752346,False
LARD_test_synth_FMEP_15_35_03.jpeg,344,344,2912.0,6482304,2648,2448,0.00044922299231878047,False
LARD_test_synth_FMEP_15_35_04.jpeg,345,345,2915.0,6482304,2648,2448,0.0004496857907311968,False
LARD_test_synth_FMEP_15_35_05.jpeg,346,346,7007.0,6482304,2648,2448,0.0010809428252670655,False
LARD_test_synth_FMEP_15_35_06.jpeg,347,347,6344.0,6482304,2648,2448,0.0009786643761230576,False
LARD_test_synth_FMEP_15_35_07.jpeg,348,348,4484.0,6482304,2648,2448,0.0006917293604249353,False
LARD_test_synth_FMEP_15_35_08.jpeg,349,349,6278.0,6482304,2648,2448,0.0009684828110498984,False
LARD_test_synth_FMEP_15_35_09.jpeg,350,350,5720.0,6482304,2648,2448,0.0008824023063404617,False
LARD_test_synth_FMEP_15_35_10.jpeg,351,351,7482.0,6482304,2648,2448,0.0011542192405663172,False
LARD_test_synth_FMEP_15_35_11.jpeg,352,352,6030.0,6482304,2648,2448,0.0009302248089568154,False
LARD_test_synth_FMEP_15_35_12.jpeg,353,353,7446.0,6482304,2648,2448,0.0011486656596173212,False
LARD_test_synth_FMEP_15_35_13.jpeg,354,354,11187.0,6482304,2648,2448,0.0017257752799004799,False
LARD_test_synth_FMEP_15_35_14.jpeg,355,355,6724.0,6482304,2648,2448,0.0010372855083624589,False
LARD_test_synth_FMEP_15_35_15.jpeg,356,356,10165.0,6482304,2648,2448,0.0015681152874039849,False
LARD_test_synth_FMEP_15_35_16.jpeg,357,357,9184.0,6482304,2648,2448,0.0014167802065438461,False
LARD_test_synth_FMEP_15_35_17.jpeg,358,358,7708.0,6482304,2648,2448,0.0011890833876350138,False
LARD_test_synth_FMEP_15_35_18.jpeg,359,359,29475.0,6482304,2648,2448,0.004546994401990403,False
LARD_test_synth_FMEP_15_35_19.jpeg,360,360,48752.0,6482304,2648,2448,0.007520782734040243,False
LARD_test_synth_FMEP_15_35_20.jpeg,361,361,42436.0,6482304,2648,2448,0.006546437809766404,False
LARD_test_synth_FMEP_15_35_21.jpeg,362,362,33540.0,6482304,2648,2448,0.005174086250814525,False
LARD_test_synth_FMEP_15_35_22.jpeg,363,363,78800.0,6482304,2648,2448,0.012156171632802163,False
LARD_test_synth_FMEP_15_35_23.jpeg,364,364,70488.0,6482304,2648,2448,0.010873911498133998,False
LARD_test_synth_FMEP_15_35_24.jpeg,365,365,71939.0,6482304,2648,2448,0.011097751663606027,False
LARD_test_synth_FMEP_15_35_25.jpeg,366,366,86612.0,6482304,2648,2448,0.013361298698734278,False
LARD_test_synth_FMEP_15_35_26.jpeg,367,367,120120.0,6482304,2648,2448,0.018530448433149695,False
LARD_test_synth_FMEP_15_35_27.jpeg,368,368,150416.0,6482304,2648,2448,0.0232040953340047,False
LARD_test_synth_FMEP_15_35_28.jpeg,369,369,270718.0,6482304,2648,2448,0.04176262020417432,False
LARD_test_synth_FMEP_15_35_29.jpeg,370,370,507548.0,6482304,2648,2448,0.07829746954169382,False
LARD_test_synth_FMEP_15_35_30.jpeg,371,371,609609.0,6482304,2648,2448,0.0940420257982347,False
LARD_test_synth_FMEP_33_35_00.jpeg,372,372,2745.0,6482304,2648,2448,0.00042346054736093833,False
LARD_test_synth_FMEP_33_35_01.jpeg,373,373,2280.0,6482304,2648,2448,0.0003517267934364078,False
LARD_test_synth_FMEP_33_35_02.jpeg,374,374,3306.0,6482304,2648,2448,0.0005100038504827913,False
LARD_test_synth_FMEP_33_35_03.jpeg,375,375,3332.0,6482304,2648,2448,0.0005140147700570661,False
LARD_test_synth_FMEP_33_35_04.jpeg,376,376,2052.0,6482304,2648,2448,0.000316554114092767,False
LARD_test_synth_FMEP_33_35_05.jpeg,377,377,3648.0,6482304,2648,2448,0.0005627628694982524,False
LARD_test_synth_FMEP_33_35_06.jpeg,378,378,2964.0,6482304,2648,2448,0.00045724483146733014,False
LARD_test_synth_FMEP_33_35_07.jpeg,379,379,2520.0,6482304,2648,2448,0.00038875066642971387,True
LARD_test_synth_FMEP_33_35_08.jpeg,380,380,2560.0,6482304,2648,2448,0.00039492131192859825,False
LARD_test_synth_FMEP_33_35_09.jpeg,381,381,4000.0,6482304,2648,2448,0.0006170645498884348,False
LARD_test_synth_FMEP_33_35_10.jpeg,382,382,6956.0,6482304,2648,2448,0.001073075252255988,False
LARD_test_synth_FMEP_33_35_11.jpeg,383,383,7896.0,6482304,2648,2448,0.0012180854214797702,False
LARD_test_synth_FMEP_33_35_12.jpeg,384,384,5040.0,6482304,2648,2448,0.0007775013328594277,False
LARD_test_synth_FMEP_33_35_13.jpeg,385,385,4402.0,6482304,2648,2448,0.0006790795371522224,False
LARD_test_synth_FMEP_33_35_14.jpeg,386,386,5525.0,6482304,2648,2448,0.0008523204095334005,False
LARD_test_synth_FMEP_33_35_15.jpeg,387,387,6111.0,6482304,2648,2448,0.0009427203660920562,False
LARD_test_synth_FMEP_33_35_16.jpeg,388,388,5628.0,6482304,2648,2448,0.0008682098216930276,False
LARD_test_synth_FMEP_33_35_17.jpeg,389,389,6003.0,6482304,2648,2448,0.0009260596232450684,False
LARD_test_synth_FMEP_33_35_18.jpeg,390,390,10366.0,6482304,2648,2448,0.0015991227810358787,False
LARD_test_synth_FMEP_33_35_19.jpeg,391,391,7178.0,6482304,2648,2448,0.0011073223347747962,True
LARD_test_synth_FMEP_33_35_20.jpeg,392,392,8989.0,6482304,2648,2448,0.0013866983097367848,True
LARD_test_synth_FMEP_33_35_21.jpeg,393,393,30240.0,6482304,2648,2448,0.004665007997156566,True
LARD_test_synth_FMEP_33_35_22.jpeg,394,394,17402.0,6482304,2648,2448,0.002684539324289635,False
LARD_test_synth_FMEP_33_35_23.jpeg,395,395,27300.0,6482304,2648,2448,0.0042114655529885674,False
LARD_test_synth_FMEP_33_35_24.jpeg,396,396,21488.0,6482304,2648,2448,0.0033148707620006715,False
LARD_test_synth_FMEP_33_35_25.jpeg,397,397,58512.0,6482304,2648,2448,0.009026420235768023,False
LARD_test_synth_FMEP_33_35_26.jpeg,398,398,80758.0,6482304,2648,2448,0.012458224729972553,False
LARD_test_synth_FMEP_33_35_27.jpeg,399,399,81900.0,6482304,2648,2448,0.0126343966589657,False
LARD_test_synth_FMEP_33_35_28.jpeg,400,400,91344.0,6482304,2648,2448,0.014091286061252295,False
LARD_test_synth_FMEP_33_35_29.jpeg,401,401,81360.0,6482304,2648,2448,0.012551092944730762,False
LARD_test_synth_FMEP_33_35_30.jpeg,402,402,85432.0,6482304,2648,2448,0.01317926465651719,False
LARD_test_synth_FMEP_33_35_31.jpeg,403,403,240582.0,6482304,2648,2448,0.03711365588531485,False
LARD_test_synth_FMEP_33_35_32.jpeg,404,404,253344.0,6482304,2648,2448,0.0390824003317339,False
LARD_test_synth_FTTJ_23_35_00.jpeg,405,405,1568.0,6482304,2648,2448,0.0002418893035562664,False
LARD_test_synth_FTTJ_23_35_01.jpeg,406,406,3290.0,6482304,2648,2448,0.0005075355922832376,False
LARD_test_synth_FTTJ_23_35_02.jpeg,407,407,5070.0,6482304,2648,2448,0.000782129316983591,False
LARD_test_synth_FTTJ_23_35_03.jpeg,408,408,6097.0,6482304,2648,2448,0.0009405606401674466,False
LARD_test_synth_FTTJ_23_35_04.jpeg,409,409,2516.0,6482304,2648,2448,0.00038813360187982547,False
LARD_test_synth_FTTJ_23_35_05.jpeg,410,410,2940.0,6482304,2648,2448,0.0004535424441679995,False
LARD_test_synth_FTTJ_23_35_06.jpeg,411,411,2905.0,6482304,2648,2448,0.00044814312935647575,False
LARD_test_synth_FTTJ_23_35_07.jpeg,412,412,8787.0,6482304,2648,2448,0.001355536549967419,False
LARD_test_synth_FTTJ_23_35_08.jpeg,413,413,5733.0,6482304,2648,2448,0.0008844077661275991,False
LARD_test_synth_FTTJ_23_35_09.jpeg,414,414,2997.0,6482304,2648,2448,0.0004623356140039097,False
LARD_test_synth_FTTJ_23_35_10.jpeg,415,415,4300.0,6482304,2648,2448,0.0006633443911300673,False
LARD_test_synth_FTTJ_23_35_11.jpeg,416,416,4500.0,6482304,2648,2448,0.0006941976186244891,False
LARD_test_synth_FTTJ_23_35_12.jpeg,417,417,11118.0,6482304,2648,2448,0.0017151309164149043,False
LARD_test_synth_FTTJ_23_35_13.jpeg,418,418,5346.0,6482304,2648,2448,0.000824706770925893,False
LARD_test_synth_FTTJ_23_35_14.jpeg,419,419,6438.0,6482304,2648,2448,0.0009931653930454357,False
LARD_test_synth_FTTJ_23_35_15.jpeg,420,420,8190.0,6482304,2648,2448,0.0012634396658965702,False
LARD_test_synth_FTTJ_23_35_16.jpeg,421,421,6784.0,6482304,2648,2448,0.0010465414766107854,False
LARD_test_synth_FTTJ_23_35_17.jpeg,422,422,11250.0,6482304,2648,2448,0.0017354940465612227,False
LARD_test_synth_FTTJ_23_35_18.jpeg,423,423,6758.0,6482304,2648,2448,0.0010425305570365105,False
LARD_test_synth_FTTJ_23_35_19.jpeg,424,424,10184.0,6482304,2648,2448,0.0015710463440159548,False
LARD_test_synth_FTTJ_23_35_20.jpeg,425,425,12513.0,6482304,2648,2448,0.001930332178188496,False
LARD_test_synth_FTTJ_23_35_21.jpeg,426,426,15851.0,6482304,2648,2448,0.0024452725450703947,False
LARD_test_synth_FTTJ_23_35_22.jpeg,427,427,40600.0,6482304,2648,2448,0.006263205181367613,False
LARD_test_synth_FTTJ_23_35_23.jpeg,428,428,18104.0,6482304,2648,2448,0.0027928341527950554,False
LARD_test_synth_FTTJ_23_35_24.jpeg,429,429,65270.0,6482304,2648,2448,0.010068950792804534,False
LARD_test_synth_FTTJ_23_35_25.jpeg,430,430,72345.0,6482304,2648,2448,0.011160383715419702,False
LARD_test_synth_FTTJ_23_35_26.jpeg,431,431,100215.0,6482304,2648,2448,0.015459780966767372,False
LARD_test_synth_FTTJ_23_35_27.jpeg,432,432,279030.0,6482304,2648,2448,0.04304488033884248,False
LARD_test_synth_FTTJ_23_35_28.jpeg,433,433,342293.0,6482304,2648,2448,0.0528042189937405,False
LARD_test_synth_FTTJ_23_35_29.jpeg,434,434,757835.0,6482304,2648,2448,0.11690827829117548,False
LARD_test_synth_FTTJ_5_35_00.jpeg,435,435,1736.0,6482304,2648,2448,0.00026780601465158067,False
LARD_test_synth_FTTJ_5_35_01.jpeg,436,436,7161.0,6482304,2648,2448,0.0011046998104377703,False
LARD_test_synth_FTTJ_5_35_02.jpeg,437,437,3666.0,6482304,2648,2448,0.0005655396599727504,False
LARD_test_synth_FTTJ_5_35_03.jpeg,438,438,3528.0,6482304,2648,2448,0.0005442509330015994,False
LARD_test_synth_FTTJ_5_35_04.jpeg,439,439,8964.0,6482304,2648,2448,0.0013828416562999821,False
LARD_test_synth_FTTJ_5_35_05.jpeg,440,440,9006.0,6482304,2648,2448,0.0013893208340738108,False
LARD_test_synth_FTTJ_5_35_06.jpeg,441,441,2015.0,6482304,2648,2448,0.000310846267006299,False
LARD_test_synth_FTTJ_5_35_07.jpeg,442,442,4794.0,6482304,2648,2448,0.000739551863041289,False
LARD_test_synth_FTTJ_5_35_08.jpeg,443,443,2301.0,6482304,2648,2448,0.00035496638232332205,False
LARD_test_synth_FTTJ_5_35_09.jpeg,444,444,7426.0,6482304,2648,2448,0.001145580336867879,False
LARD_test_synth_FTTJ_5_35_10.jpeg,445,445,11284.0,6482304,2648,2448,0.0017407390952352744,False
LARD_test_synth_FTTJ_5_35_11.jpeg,446,446,5106.0,6482304,2648,2448,0.000787682897932587,False
LARD_test_synth_FTTJ_5_35_12.jpeg,447,447,10137.0,6482304,2648,2448,0.0015637958355547658,False
LARD_test_synth_FTTJ_5_35_13.jpeg,448,448,8549.0,6482304,2648,2448,0.001318821209249057,False
LARD_test_synth_FTTJ_5_35_14.jpeg,449,449,6160.0,6482304,2648,2448,0.0009502794068281895,False
LARD_test_synth_FTTJ_5_35_15.jpeg,450,450,6952.0,6482304,2648,2448,0.0010724581877060995,False
LARD_test_synth_FTTJ_5_35_16.jpeg,451,451,29624.0,6482304,2648,2448,0.004569980056473748,False
LARD_test_synth_FTTJ_5_35_17.jpeg,452,452,10584.0,6482304,2648,2448,0.0016327527990047982,False
LARD_test_synth_FTTJ_5_35_18.jpeg,453,453,23187.0,6482304,2648,2448,0.003576968929565784,False
LARD_test_synth_FTTJ_5_35_19.jpeg,454,454,14592.0,6482304,2648,2448,0.0022510514779930098,False
LARD_test_synth_FTTJ_5_35_20.jpeg,455,455,13184.0,6482304,2648,2448,0.002033844756432281,False
LARD_test_synth_FTTJ_5_35_21.jpeg,456,456,21033.0,6482304,2648,2448,0.003244679669450862,False
LARD_test_synth_FTTJ_5_35_22.jpeg,457,457,14430.0,6482304,2648,2448,0.0022260603637225284,False
LARD_test_synth_FTTJ_5_35_23.jpeg,458,458,47616.0,6482304,2648,2448,0.007345536401871927,False
LARD_test_synth_FTTJ_5_35_24.jpeg,459,459,94242.0,6482304,2648,2448,0.014538349327646466,False
LARD_test_synth_FTTJ_5_35_25.jpeg,460,460,55600.0,6482304,2648,2448,0.008577197243449243,False
LARD_test_synth_FTTJ_5_35_26.jpeg,461,461,89745.0,6482304,2648,2448,0.013844614507434393,False
LARD_test_synth_FTTJ_5_35_27.jpeg,462,462,70028.0,6482304,2648,2448,0.010802949074896828,False
LARD_test_synth_FTTJ_5_35_28.jpeg,463,463,78048.0,6482304,2648,2448,0.012040163497423139,False
LARD_test_synth_FTTJ_5_35_29.jpeg,464,464,186558.0,6482304,2648,2448,0.02877958207452165,False
LARD_test_synth_FTTJ_5_35_30.jpeg,465,465,507825.0,6482304,2648,2448,0.07834020126177359,False
LARD_test_synth_FTTJ_5_35_31.jpeg,466,466,938409.0,6482304,2648,2448,0.14476473179906404,False
LARD_test_synth_FTTJ_5_35_32.jpeg,467,467,1144050.0,6482304,2648,2448,0.17648817457496593,False
LARD_test_synth_FTTJ_5_35_33.jpeg,468,468,861536.0,6482304,2648,2448,0.13290583101317063,False
LARD_test_synth_GCRR_03_35_00.jpeg,469,469,3696.0,6482304,2648,2448,0.0005701676440969137,False
LARD_test_synth_GCRR_03_35_01.jpeg,470,470,2552.0,6482304,2648,2448,0.00039368718282882135,False
LARD_test_synth_GCRR_03_35_02.jpeg,471,471,3510.0,6482304,2648,2448,0.0005414741425271015,True
LARD_test_synth_GCRR_03_35_03.jpeg,472,472,4140.0,6482304,2648,2448,0.00063866180913453,False
LARD_test_synth_GCRR_03_35_04.jpeg,473,473,13152.0,6482304,2648,2448,0.0020289082400331733,False
LARD_test_synth_GCRR_03_35_05.jpeg,474,474,10304.0,6482304,2648,2448,0.001589558280512608,True
LARD_test_synth_GCRR_03_35_06.jpeg,475,475,5304.0,6482304,2648,2448,0.0008182275931520645,True
LARD_test_synth_GCRR_03_35_07.jpeg,476,476,4644.0,6482304,2648,2448,0.0007164119424204727,False
LARD_test_synth_GCRR_03_35_08.jpeg,477,477,8988.0,6482304,2648,2448,0.001386544043599313,True
LARD_test_synth_GCRR_03_35_09.jpeg,478,478,10192.0,6482304,2648,2448,0.0015722804731157316,True
LARD_test_synth_GCRR_03_35_10.jpeg,479,479,20470.0,6482304,2648,2448,0.0031578278340540647,False
LARD_test_synth_GCRR_03_35_11.jpeg,480,480,26368.0,6482304,2648,2448,0.004067689512864562,False
LARD_test_synth_GCRR_03_35_12.jpeg,481,481,14268.0,6482304,2648,2448,0.0022010692494520466,False
LARD_test_synth_GCRR_03_35_13.jpeg,482,482,13716.0,6482304,2648,2448,0.0021159143415674427,False
LARD_test_synth_GCRR_03_35_14.jpeg,483,483,10125.0,6482304,2648,2448,0.0015619446419051005,False
LARD_test_synth_GCRR_03_35_15.jpeg,484,484,17898.0,6482304,2648,2448,0.0027610553284758014,False
LARD_test_synth_GCRR_03_35_16.jpeg,485,485,13692.0,6482304,2648,2448,0.002112211954268112,False
LARD_test_synth_GCRR_03_35_17.jpeg,486,486,17658.0,6482304,2648,2448,0.002724031455482495,False
LARD_test_synth_GCRR_03_35_18.jpeg,487,487,36547.0,6482304,2648,2448,0.005637964526193156,False
LARD_test_synth_GCRR_03_35_19.jpeg,488,488,32870.0,6482304,2648,2448,0.005070727938708212,False
LARD_test_synth_GCRR_03_35_20.jpeg,489,489,25298.0,6482304,2648,2448,0.0039026247457694054,False
LARD_test_synth_GCRR_03_35_21.jpeg,490,490,40590.0,6482304,2648,2448,0.006261662519992891,False
LARD_test_synth_GCRR_03_35_22.jpeg,491,491,70400.0,6482304,2648,2448,0.01086033607803645,False
LARD_test_synth_GCRR_03_35_23.jpeg,492,492,32178.0,6482304,2648,2448,0.0049639757715775135,False
LARD_test_synth_GCRR_03_35_24.jpeg,493,493,46652.0,6482304,2648,2448,0.007196823845348814,False
LARD_test_synth_GCRR_03_35_25.jpeg,494,494,72680.0,6482304,2648,2448,0.01121206287147286,False
LARD_test_synth_GCRR_03_35_26.jpeg,495,495,59527.0,6482304,2648,2448,0.009183000365302214,False
LARD_test_synth_GCRR_03_35_27.jpeg,496,496,112749.0,6482304,2648,2448,0.017393352733842782,False
LARD_test_synth_GCRR_03_35_28.jpeg,497,497,105006.0,6482304,2648,2448,0.016198870031396244,False
LARD_test_synth_GCRR_03_35_29.jpeg,498,498,117600.0,6482304,2648,2448,0.01814169776671998,False
LARD_test_synth_GCRR_03_35_30.jpeg,499,499,262386.0,6482304,2648,2448,0.040477274746756706,False
LARD_test_synth_GCRR_03_35_31.jpeg,500,500,343827.0,6482304,2648,2448,0.05304086324862271,False
LARD_test_synth_GCRR_21_35_00.jpeg,501,501,2262.0,6482304,2648,2448,0.00034895000296190985,False
LARD_test_synth_GCRR_21_35_01.jpeg,502,502,1376.0,6482304,2648,2448,0.00021227020516162155,False
LARD_test_synth_GCRR_21_35_02.jpeg,503,503,4148.0,6482304,2648,2448,0.0006398959382343068,False
LARD_test_synth_GCRR_21_35_03.jpeg,504,504,2800.0,6482304,2648,2448,0.0004319451849219043,False
LARD_test_synth_GCRR_21_35_04.jpeg,505,505,3652.0,6482304,2648,2448,0.0005633799340481409,False
LARD_test_synth_GCRR_21_35_05.jpeg,506,506,3984.0,6482304,2648,2448,0.000614596291688881,False
LARD_test_synth_GCRR_21_35_06.jpeg,507,507,8568.0,6482304,2648,2448,0.0013217522658610272,False
LARD_test_synth_GCRR_21_35_07.jpeg,508,508,6400.0,6482304,2648,2448,0.0009873032798214955,False
LARD_test_synth_GCRR_21_35_08.jpeg,509,509,8360.0,6482304,2648,2448,0.0012896649092668285,False
LARD_test_synth_GCRR_21_35_09.jpeg,510,510,4620.0,6482304,2648,2448,0.0007127095551211422,False
LARD_test_synth_GCRR_21_35_10.jpeg,511,511,11520.0,6482304,2648,2448,0.001777145903678692,False
LARD_test_synth_GCRR_21_35_11.jpeg,512,512,5904.0,6482304,2648,2448,0.0009107872756353297,False
LARD_test_synth_GCRR_21_35_12.jpeg,513,513,10176.0,6482304,2648,2448,0.001569812214916178,False
LARD_test_synth_GCRR_21_35_13.jpeg,514,514,7776.0,6482304,2648,2448,0.001199573484983117,False
LARD_test_synth_GCRR_21_35_14.jpeg,515,515,6532.0,6482304,2648,2448,0.001007666409967814,False
LARD_test_synth_GCRR_21_35_15.jpeg,516,516,6804.0,6482304,2648,2448,0.0010496267993602274,False
LARD_test_synth_GCRR_21_35_16.jpeg,517,517,6970.0,6482304,2648,2448,0.0010752349781805975,False
LARD_test_synth_GCRR_21_35_17.jpeg,518,518,7820.0,6482304,2648,2448,0.00120636119503189,False
LARD_test_synth_GCRR_21_35_18.jpeg,519,519,8025.0,6482304,2648,2448,0.0012379857532136722,False
LARD_test_synth_GCRR_21_35_19.jpeg,520,520,11039.0,6482304,2648,2448,0.0017029438915546076,False
LARD_test_synth_GCRR_21_35_20.jpeg,521,521,14391.0,6482304,2648,2448,0.002220043984361116,False
LARD_test_synth_GCRR_21_35_21.jpeg,522,522,13158.0,6482304,2648,2448,0.002029833836858006,False
LARD_test_synth_GCRR_21_35_22.jpeg,523,523,17160.0,6482304,2648,2448,0.002647206919021385,False
LARD_test_synth_GCRR_21_35_23.jpeg,524,524,20115.0,6482304,2648,2448,0.0031030633552514664,False
LARD_test_synth_GCRR_21_35_24.jpeg,525,525,28770.0,6482304,2648,2448,0.004438236775072567,False
LARD_test_synth_GCRR_21_35_25.jpeg,526,526,25298.0,6482304,2648,2448,0.0039026247457694054,False
LARD_test_synth_GCRR_21_35_26.jpeg,527,527,29796.0,6482304,2648,2448,0.00459651383211895,False
LARD_test_synth_GCRR_21_35_27.jpeg,528,528,49862.0,6482304,2648,2448,0.007692018146634283,False
LARD_test_synth_GCRR_21_35_28.jpeg,529,529,56165.0,6482304,2648,2448,0.008664357611120985,False
LARD_test_synth_GCRR_21_35_29.jpeg,530,530,70280.0,6482304,2648,2448,0.010841824141539799,False
LARD_test_synth_GCRR_21_35_30.jpeg,531,531,88352.0,6482304,2648,2448,0.013629721777935746,False
LARD_test_synth_GCRR_21_35_31.jpeg,532,532,153576.0,6482304,2648,2448,0.023691576328416564,False
LARD_test_synth_GCRR_21_35_32.jpeg,533,533,147312.0,6482304,2648,2448,0.022725253243291273,False
LARD_test_synth_HTDA_23_35_00.jpeg,534,534,8382.0,6482304,2648,2448,0.0012930587642912149,False
LARD_test_synth_HTDA_23_35_01.jpeg,535,535,5220.0,6482304,2648,2448,0.0008052692376044073,False
LARD_test_synth_HTDA_23_35_02.jpeg,536,536,7752.0,6482304,2648,2448,0.0011958710976837865,False
LARD_test_synth_HTDA_23_35_03.jpeg,537,537,4081.0,6482304,2648,2448,0.0006295601070236755,False
LARD_test_synth_HTDA_23_35_04.jpeg,538,538,2765.0,6482304,2648,2448,0.0004265458701103805,False
LARD_test_synth_HTDA_23_35_05.jpeg,539,539,4128.0,6482304,2648,2448,0.0006368106154848646,False
LARD_test_synth_HTDA_23_35_06.jpeg,540,540,5780.0,6482304,2648,2448,0.0008916582745887882,False
LARD_test_synth_HTDA_23_35_07.jpeg,541,541,3750.0,6482304,2648,2448,0.0005784980155204075,False
LARD_test_synth_HTDA_23_35_08.jpeg,542,542,6900.0,6482304,2648,2448,0.00106443634855755,False
LARD_test_synth_HTDA_23_35_09.jpeg,543,543,6586.0,6482304,2648,2448,0.0010159967813913077,False
LARD_test_synth_HTDA_23_35_10.jpeg,544,544,11136.0,6482304,2648,2448,0.0017179077068894023,False
LARD_test_synth_HTDA_23_35_11.jpeg,545,545,9315.0,6482304,2648,2448,0.0014369890705526924,False
LARD_test_synth_HTDA_23_35_12.jpeg,546,546,8512.0,6482304,2648,2448,0.001313113362162589,False
LARD_test_synth_HTDA_23_35_13.jpeg,547,547,8181.0,6482304,2648,2448,0.001262051270659321,False
LARD_test_synth_HTDA_23_35_14.jpeg,548,548,6111.0,6482304,2648,2448,0.0009427203660920562,False
LARD_test_synth_HTDA_23_35_15.jpeg,549,549,34974.0,6482304,2648,2448,0.005395303891949529,False
LARD_test_synth_HTDA_23_35_16.jpeg,550,550,18590.0,6482304,2648,2448,0.0028678074956065003,False
LARD_test_synth_HTDA_23_35_17.jpeg,551,551,23166.0,6482304,2648,2448,0.0035737293406788695,False
LARD_test_synth_HTDA_23_35_18.jpeg,552,552,9856.0,6482304,2648,2448,0.0015204470509251032,False
LARD_test_synth_HTDA_23_35_19.jpeg,553,553,9638.0,6482304,2648,2448,0.0014868170329561834,False
LARD_test_synth_HTDA_23_35_20.jpeg,554,554,8835.0,6482304,2648,2448,0.0013629413245660803,False
LARD_test_synth_HTDA_23_35_21.jpeg,555,555,12464.0,6482304,2648,2448,0.0019227731374523627,False
LARD_test_synth_HTDA_23_35_22.jpeg,556,556,20856.0,6482304,2648,2448,0.003217374563118299,False
LARD_test_synth_HTDA_23_35_23.jpeg,557,557,17160.0,6482304,2648,2448,0.002647206919021385,False
LARD_test_synth_HTDA_23_35_24.jpeg,558,558,13843.0,6482304,2648,2448,0.0021355061410264003,False
LARD_test_synth_HTDA_23_35_25.jpeg,559,559,38610.0,6482304,2648,2448,0.005956215567798117,False
LARD_test_synth_HTDA_23_35_26.jpeg,560,560,27072.0,6482304,2648,2448,0.004176292873644926,False
LARD_test_synth_HTDA_23_35_27.jpeg,561,561,103455.0,6482304,2648,2448,0.015959603252177004,False
LARD_test_synth_HTDA_23_35_28.jpeg,562,562,225344.0,6482304,2648,2448,0.034762948482514856,False
LARD_test_synth_HTDA_23_35_29.jpeg,563,563,368905.0,6482304,2648,2448,0.05690954944414826,False
LARD_test_synth_HTDA_23_35_30.jpeg,564,564,264542.0,6482304,2648,2448,0.04080987253914657,False
LARD_test_synth_HTDA_23_35_31.jpeg,565,565,581900.0,6482304,2648,2448,0.08976746539502005,False
LARD_test_synth_HTDA_23_35_32.jpeg,566,566,696250.0,6482304,2648,2448,0.10740779821495566,False
LARD_test_synth_HTDA_5_35_00.jpeg,567,567,3654.0,6482304,2648,2448,0.0005636884663230851,False
LARD_test_synth_HTDA_5_35_01.jpeg,568,568,5135.0,6482304,2648,2448,0.0007921566159192781,False
LARD_test_synth_HTDA_5_35_02.jpeg,569,569,2728.0,6482304,2648,2448,0.00042083802302391246,False
LARD_test_synth_HTDA_5_35_03.jpeg,570,570,4514.0,6482304,2648,2448,0.0006963573445490985,False
LARD_test_synth_HTDA_5_35_04.jpeg,571,571,4028.0,6482304,2648,2448,0.0006213840017376537,False
LARD_test_synth_HTDA_5_35_05.jpeg,572,572,7110.0,6482304,2648,2448,0.0010968322374266927,False
LARD_test_synth_HTDA_5_35_06.jpeg,573,573,9000.0,6482304,2648,2448,0.0013883952372489782,False
LARD_test_synth_HTDA_5_35_07.jpeg,574,574,7524.0,6482304,2648,2448,0.0011606984183401457,False
LARD_test_synth_HTDA_5_35_08.jpeg,575,575,14350.0,6482304,2648,2448,0.0022137190727247597,False
LARD_test_synth_HTDA_5_35_09.jpeg,576,576,7592.0,6482304,2648,2448,0.0011711885156882491,False
LARD_test_synth_HTDA_5_35_10.jpeg,577,577,3471.0,6482304,2648,2448,0.0005354577631656892,False
LARD_test_synth_HTDA_5_35_11.jpeg,578,578,4346.0,6482304,2648,2448,0.0006704406334537843,False
LARD_test_synth_HTDA_5_35_12.jpeg,579,579,7290.0,6482304,2648,2448,0.0011246001421716723,False
LARD_test_synth_HTDA_5_35_13.jpeg,580,580,5160.0,6482304,2648,2448,0.0007960132693560808,False
LARD_test_synth_HTDA_5_35_14.jpeg,581,581,16254.0,6482304,2648,2448,0.0025074417984716547,False
LARD_test_synth_HTDA_5_35_15.jpeg,582,582,5236.0,6482304,2648,2448,0.000807737495803961,False
LARD_test_synth_HTDA_5_35_16.jpeg,583,583,10944.0,6482304,2648,2448,0.0016882886084947574,False
LARD_test_synth_HTDA_5_35_17.jpeg,584,584,10664.0,6482304,2648,2448,0.001645094090002567,False
LARD_test_synth_HTDA_5_35_18.jpeg,585,585,8777.0,6482304,2648,2448,0.0013539938885926979,False
LARD_test_synth_HTDA_5_35_19.jpeg,586,586,16728.0,6482304,2648,2448,0.002580563947633434,False
LARD_test_synth_HTDA_5_35_20.jpeg,587,587,15222.0,6482304,2648,2448,0.002348239144600438,False
LARD_test_synth_HTDA_5_35_21.jpeg,588,588,12690.0,6482304,2648,2448,0.001957637284521059,False
LARD_test_synth_HTDA_5_35_22.jpeg,589,589,26228.0,6482304,2648,2448,0.004046092253618467,False
LARD_test_synth_HTDA_5_35_23.jpeg,590,590,16530.0,6482304,2648,2448,0.0025500192524139566,False
LARD_test_synth_HTDA_5_35_24.jpeg,591,591,33216.0,6482304,2648,2448,0.005124104022273562,False
LARD_test_synth_HTDA_5_35_25.jpeg,592,592,38407.0,6482304,2648,2448,0.005924899541891278,False
LARD_test_synth_HTDA_5_35_26.jpeg,593,593,65936.0,6482304,2648,2448,0.010171692040360959,False
LARD_test_synth_HTDA_5_35_27.jpeg,594,594,55080.0,6482304,2648,2448,0.008496978851963747,False
LARD_test_synth_HTDA_5_35_28.jpeg,595,595,440664.0,6482304,2648,2448,0.0679795332030093,False
LARD_test_synth_KIAH_08L_35_07.jpeg,596,596,3990.0,6482304,2648,2448,0.0006155218885137136,False
LARD_test_synth_KIAH_08L_35_08.jpeg,597,597,5208.0,6482304,2648,2448,0.000803418043954742,False
LARD_test_synth_KIAH_08L_35_09.jpeg,598,598,5096.0,6482304,2648,2448,0.0007861402365578658,False
LARD_test_synth_KIAH_08L_35_10.jpeg,599,599,10980.0,6482304,2648,2448,0.0016938421894437533,False
LARD_test_synth_KIAH_08L_35_11.jpeg,600,600,11832.0,6482304,2648,2448,0.00182527693856999,False
LARD_test_synth_KIAH_08L_35_12.jpeg,601,601,14732.0,6482304,2648,2448,0.002272648737239105,False
LARD_test_synth_KIAH_08L_35_13.jpeg,602,602,6075.0,6482304,2648,2448,0.0009371667851430603,False
LARD_test_synth_KIAH_08L_35_14.jpeg,603,603,12519.0,6482304,2648,2448,0.0019312577750133285,False
LARD_test_synth_KIAH_08L_35_15.jpeg,604,604,11400.0,6482304,2648,2448,0.001758633967182039,False
LARD_test_synth_KIAH_08L_35_16.jpeg,605,605,14637.0,6482304,2648,2448,0.0022579934541792548,False
LARD_test_synth_KIAH_08L_35_17.jpeg,606,606,17289.0,6482304,2648,2448,0.002667107250755287,False
LARD_test_synth_KIAH_08L_35_18.jpeg,607,607,12616.0,6482304,2648,2448,0.0019462215903481232,False
LARD_test_synth_KIAH_08L_35_19.jpeg,608,608,31080.0,6482304,2648,2448,0.004794591552633138,False
LARD_test_synth_KIAH_08L_35_20.jpeg,609,609,26800.0,6482304,2648,2448,0.004134332484252512,False
LARD_test_synth_KIAH_08L_35_21.jpeg,610,610,31150.0,6482304,2648,2448,0.0048053901822561855,False
LARD_test_synth_KIAH_08L_35_22.jpeg,611,611,24820.0,6482304,2648,2448,0.0038288855320577375,False
LARD_test_synth_KIAH_08L_35_23.jpeg,612,612,89579.0,6482304,2648,2448,0.013819006328614023,False
LARD_test_synth_KIAH_08L_35_24.jpeg,613,613,77840.0,6482304,2648,2448,0.01200807614082894,False
LARD_test_synth_KIAH_08L_35_25.jpeg,614,614,101120.0,6482304,2648,2448,0.01559939182117963,False
LARD_test_synth_KIAH_08L_35_26.jpeg,615,615,103074.0,6482304,2648,2448,0.01590082785380013,False
LARD_test_synth_KIAH_08L_35_27.jpeg,616,616,264216.0,6482304,2648,2448,0.04075958177833067,False
LARD_test_synth_KIAH_26R_35_08.jpeg,617,617,5415.0,6482304,2648,2448,0.0008353511344114685,False
LARD_test_synth_KIAH_26R_35_09.jpeg,618,618,17160.0,6482304,2648,2448,0.002647206919021385,False
LARD_test_synth_KIAH_26R_35_10.jpeg,619,619,4558.0,6482304,2648,2448,0.0007031450545978713,False
LARD_test_synth_KIAH_26R_35_11.jpeg,620,620,8343.0,6482304,2648,2448,0.0012870423849298028,False
LARD_test_synth_KIAH_26R_35_12.jpeg,621,621,13266.0,6482304,2648,2448,0.002046494579704994,False
LARD_test_synth_KIAH_26R_35_13.jpeg,622,622,12090.0,6482304,2648,2448,0.0018650776020377939,False
LARD_test_synth_KIAH_26R_35_14.jpeg,623,623,14448.0,6482304,2648,2448,0.0022288371541970262,False
LARD_test_synth_KIAH_26R_35_15.jpeg,624,624,20480.0,6482304,2648,2448,0.003159370495428786,False
LARD_test_synth_KIAH_26R_35_16.jpeg,625,625,9840.0,6482304,2648,2448,0.0015179787927255494,False
LARD_test_synth_KIAH_26R_35_17.jpeg,626,626,16124.0,6482304,2648,2448,0.0024873872006002805,False
LARD_test_synth_KIAH_26R_35_18.jpeg,627,627,9922.0,6482304,2648,2448,0.0015306286159982624,False
LARD_test_synth_KIAH_26R_35_19.jpeg,628,628,9804.0,6482304,2648,2448,0.0015124252117765535,False
LARD_test_synth_KIAH_26R_35_20.jpeg,629,629,24514.0,6482304,2648,2448,0.003781680093991272,False
LARD_test_synth_KIAH_26R_35_21.jpeg,630,630,18056.0,6482304,2648,2448,0.002785429378196394,False
LARD_test_synth_KIAH_26R_35_22.jpeg,631,631,38430.0,6482304,2648,2448,0.005928447663053137,False
LARD_test_synth_KIAH_26R_35_23.jpeg,632,632,25212.0,6482304,2648,2448,0.0038893578579468043,False
LARD_test_synth_KIAH_26R_35_24.jpeg,633,633,33775.0,6482304,2648,2448,0.0052103387931204705,False
LARD_test_synth_KIAH_26R_35_25.jpeg,634,634,64974.0,6482304,2648,2448,0.01002328801611279,False
LARD_test_synth_KIAH_26R_35_26.jpeg,635,635,131970.0,6482304,2648,2448,0.020358502162194182,False
LARD_test_synth_KIAH_26R_35_27.jpeg,636,636,242550.0,6482304,2648,2448,0.037417251643859964,False
LARD_test_synth_KIAH_26R_35_28.jpeg,637,637,384572.0,6482304,2648,2448,0.05932643701992378,False
LARD_test_synth_KIAH_26R_35_29.jpeg,638,638,1011886.0,6482304,2648,2448,0.15609974478210217,False
LARD_test_synth_KJFK_22L_35_15.jpeg,639,639,16402.0,6482304,2648,2448,0.0025302731868175267,False
LARD_test_synth_KJFK_22L_35_16.jpeg,640,640,20868.0,6482304,2648,2448,0.003219225756767964,False
LARD_test_synth_KJFK_22L_35_17.jpeg,641,641,24009.0,6482304,2648,2448,0.0037037756945678575,False
LARD_test_synth_KJFK_22L_35_18.jpeg,642,642,25431.0,6482304,2648,2448,0.003923142142053196,False
LARD_test_synth_KJFK_22L_35_19.jpeg,643,643,26847.0,6482304,2648,2448,0.004141582992713702,False
LARD_test_synth_KJFK_22L_35_20.jpeg,644,644,23584.0,6482304,2648,2448,0.003638212586142211,False
LARD_test_synth_KJFK_22L_35_21.jpeg,645,645,62608.0,6482304,2648,2448,0.00965829433485378,False
LARD_test_synth_KJFK_22L_35_22.jpeg,646,646,49926.0,6482304,2648,2448,0.007701891179432498,False
LARD_test_synth_KJFK_22L_35_23.jpeg,647,647,53770.0,6482304,2648,2448,0.008294890211875284,False
LARD_test_synth_KJFK_22L_35_24.jpeg,648,648,74778.0,6482304,2648,2448,0.011535713227889342,False
LARD_test_synth_KJFK_22L_35_25.jpeg,649,649,202551.0,6482304,2648,2448,0.031246760411113086,False
LARD_test_synth_KJFK_22L_35_26.jpeg,650,650,259102.0,6482304,2648,2448,0.039970664751298304,False
LARD_test_synth_KJFK_22L_35_27.jpeg,651,651,302040.0,6482304,2648,2448,0.04659454416207571,False
LARD_test_synth_KJFK_22L_35_28.jpeg,652,652,610630.0,6482304,2648,2448,0.09419953152459372,False
LARD_test_synth_KJFK_22L_35_29.jpeg,653,653,1102532.0,6482304,2648,2448,0.17008335307939892,False
LARD_test_synth_KJFK_4R_35_15.jpeg,654,654,10494.0,6482304,2648,2448,0.0016188688466323086,False
LARD_test_synth_KJFK_4R_35_16.jpeg,655,655,28710.0,6482304,2648,2448,0.00442898080682424,False
LARD_test_synth_KJFK_4R_35_17.jpeg,656,656,20874.0,6482304,2648,2448,0.0032201513535927966,False
LARD_test_synth_KJFK_4R_35_18.jpeg,657,657,43983.0,6482304,2648,2448,0.0067850875244357565,False
LARD_test_synth_KJFK_4R_35_19.jpeg,658,658,25280.0,6482304,2648,2448,0.0038998479552949075,False
LARD_test_synth_KJFK_4R_35_20.jpeg,659,659,35862.0,6482304,2648,2448,0.005532292222024762,False
LARD_test_synth_KJFK_4R_35_21.jpeg,660,660,31856.0,6482304,2648,2448,0.004914302075311494,False
LARD_test_synth_KJFK_4R_35_22.jpeg,661,661,21105.0,6482304,2648,2448,0.0032557868313488536,False
LARD_test_synth_KJFK_4R_35_23.jpeg,662,662,48655.0,6482304,2648,2448,0.007505818918705448,False
LARD_test_synth_KJFK_4R_35_24.jpeg,663,663,51520.0,6482304,2648,2448,0.00794779140256304,False
LARD_test_synth_KJFK_4R_35_25.jpeg,664,664,126480.0,6482304,2648,2448,0.019511581067472306,False
LARD_test_synth_KJFK_4R_35_26.jpeg,665,665,100590.0,6482304,2648,2448,0.015517630768319413,False
LARD_test_synth_KJFK_4R_35_27.jpeg,666,666,192150.0,6482304,2648,2448,0.029642238315265683,False
LARD_test_synth_KJFK_4R_35_28.jpeg,667,667,255714.0,6482304,2648,2448,0.0394480110775428,False
LARD_test_synth_KJFK_4R_35_29.jpeg,668,668,563938.0,6482304,2648,2448,0.08699653703374603,False
LARD_test_synth_KMIA_9_35_10.jpeg,669,669,10282.0,6482304,2648,2448,0.0015861644254882214,False
LARD_test_synth_KMIA_9_35_11.jpeg,670,670,11067.0,6482304,2648,2448,0.0017072633434038267,False
LARD_test_synth_KMIA_9_35_12.jpeg,671,671,10044.0,6482304,2648,2448,0.0015494490847698596,False
LARD_test_synth_KMIA_9_35_13.jpeg,672,672,12600.0,6482304,2648,2448,0.0019437533321485694,False
LARD_test_synth_KMIA_9_35_14.jpeg,673,673,8360.0,6482304,2648,2448,0.0012896649092668285,False
LARD_test_synth_KMIA_9_35_15.jpeg,674,674,14445.0,6482304,2648,2448,0.00222837435578461,False
LARD_test_synth_KMIA_9_35_16.jpeg,675,675,11088.0,6482304,2648,2448,0.0017105029322907412,False
LARD_test_synth_KMIA_9_35_17.jpeg,676,676,10934.0,6482304,2648,2448,0.0016867459471200364,False
LARD_test_synth_KMIA_9_35_18.jpeg,677,677,7622.0,6482304,2648,2448,0.0011758164998124125,False
LARD_test_synth_KMIA_9_35_19.jpeg,678,678,10143.0,6482304,2648,2448,0.0015647214323795983,False
LARD_test_synth_KMIA_9_35_20.jpeg,679,679,9709.0,6482304,2648,2448,0.0014977699287167033,False
LARD_test_synth_KMIA_9_35_21.jpeg,680,680,21082.0,6482304,2648,2448,0.0032522387101869953,False
LARD_test_synth_KMIA_9_35_22.jpeg,681,681,8464.0,6482304,2648,2448,0.001305708587563928,False
LARD_test_synth_KMIA_9_35_23.jpeg,682,682,21315.0,6482304,2648,2448,0.0032881827202179965,False
LARD_test_synth_KMIA_9_35_24.jpeg,683,683,24272.0,6482304,2648,2448,0.003744347688723022,False
LARD_test_synth_KMIA_9_35_25.jpeg,684,684,34672.0,6482304,2648,2448,0.005348715518432952,False
LARD_test_synth_KMIA_9_35_26.jpeg,685,685,38133.0,6482304,2648,2448,0.005882630620223921,False
LARD_test_synth_KMIA_9_35_27.jpeg,686,686,38613.0,6482304,2648,2448,0.005956678366210532,False
LARD_test_synth_KMIA_9_35_28.jpeg,687,687,25564.0,6482304,2648,2448,0.0039436595383369865,False
LARD_test_synth_KMIA_9_35_29.jpeg,688,688,49128.0,6482304,2648,2448,0.007578786801729755,False
LARD_test_synth_KMIA_9_35_30.jpeg,689,689,62745.0,6482304,2648,2448,0.009679428795687459,False
LARD_test_synth_KMIA_9_35_31.jpeg,690,690,299797.0,6482304,2648,2448,0.04624852521572577,False
LARD_test_synth_LCPH_11_35_00.jpeg,691,691,4050.0,6482304,2648,2448,0.0006247778567620402,False
LARD_test_synth_LCPH_11_35_01.jpeg,692,692,6272.0,6482304,2648,2448,0.0009675572142250656,False
LARD_test_synth_LCPH_11_35_02.jpeg,693,693,3515.0,6482304,2648,2448,0.000542245473214462,False
LARD_test_synth_LCPH_11_35_03.jpeg,694,694,4048.0,6482304,2648,2448,0.0006244693244870959,False
LARD_test_synth_LCPH_11_35_04.jpeg,695,695,7031.0,6482304,2648,2448,0.001084645212566396,False
LARD_test_synth_LCPH_11_35_05.jpeg,696,696,10440.0,6482304,2648,2448,0.0016105384752088147,False
LARD_test_synth_LCPH_11_35_06.jpeg,697,697,10248.0,6482304,2648,2448,0.0015809193768141698,False
LARD_test_synth_LCPH_11_35_07.jpeg,698,698,5850.0,6482304,2648,2448,0.0009024569042118358,False
LARD_test_synth_LCPH_11_35_08.jpeg,699,699,9702.0,6482304,2648,2448,0.0014966900657543984,False
LARD_test_synth_LCPH_11_35_09.jpeg,700,700,4823.0,6482304,2648,2448,0.0007440255810279802,False
LARD_test_synth_LCPH_11_35_10.jpeg,701,701,6254.0,6482304,2648,2448,0.0009647804237505677,False
LARD_test_synth_LCPH_11_35_11.jpeg,702,702,7688.0,6482304,2648,2448,0.0011859980648855715,False
LARD_test_synth_LCPH_11_35_12.jpeg,703,703,7920.0,6482304,2648,2448,0.0012217878087791008,False
LARD_test_synth_LCPH_11_35_13.jpeg,704,704,6468.0,6482304,2648,2448,0.000997793377169599,False
LARD_test_synth_LCPH_11_35_14.jpeg,705,705,15688.0,6482304,2648,2448,0.002420127164662441,False
LARD_test_synth_LCPH_11_35_15.jpeg,706,706,12070.0,6482304,2648,2448,0.0018619922792883518,False
LARD_test_synth_LCPH_11_35_16.jpeg,707,707,22260.0,6482304,2648,2448,0.003433964220129139,False
LARD_test_synth_LCPH_11_35_17.jpeg,708,708,30096.0,6482304,2648,2448,0.004642793673360583,False
LARD_test_synth_LCPH_11_35_18.jpeg,709,709,26180.0,6482304,2648,2448,0.004038687479019806,False
LARD_test_synth_LCPH_11_35_19.jpeg,710,710,23975.0,6482304,2648,2448,0.0036985306458938057,False
LARD_test_synth_LCPH_11_35_20.jpeg,711,711,36740.0,6482304,2648,2448,0.005667737890725273,False
LARD_test_synth_LCPH_11_35_21.jpeg,712,712,32308.0,6482304,2648,2448,0.004984030369448888,False
LARD_test_synth_LCPH_11_35_22.jpeg,713,713,38948.0,6482304,2648,2448,0.006008357522263689,False
LARD_test_synth_LCPH_11_35_23.jpeg,714,714,56661.0,6482304,2648,2448,0.00874087361530715,False
LARD_test_synth_LCPH_29_35_00.jpeg,715,715,4000.0,6482304,2648,2448,0.0006170645498884348,False
LARD_test_synth_LCPH_29_35_01.jpeg,716,716,1890.0,6482304,2648,2448,0.0002915629998222854,False
LARD_test_synth_LCPH_29_35_02.jpeg,717,717,4480.0,6482304,2648,2448,0.0006911122958750469,False
LARD_test_synth_LCPH_29_35_03.jpeg,718,718,4420.0,6482304,2648,2448,0.0006818563276267203,False
LARD_test_synth_LCPH_29_35_04.jpeg,719,719,3564.0,6482304,2648,2448,0.0005498045139505954,False
LARD_test_synth_LCPH_29_35_05.jpeg,720,720,5428.0,6482304,2648,2448,0.0008373565941986059,False
LARD_test_synth_LCPH_29_35_06.jpeg,721,721,6402.0,6482304,2648,2448,0.0009876118120964398,False
LARD_test_synth_LCPH_29_35_07.jpeg,722,722,4623.0,6482304,2648,2448,0.0007131723535335584,False
LARD_test_synth_LCPH_29_35_08.jpeg,723,723,8648.0,6482304,2648,2448,0.0013340935568587958,False
LARD_test_synth_LCPH_29_35_09.jpeg,724,724,5766.0,6482304,2648,2448,0.0008894985486641786,False
LARD_test_synth_LCPH_29_35_10.jpeg,725,725,11024.0,6482304,2648,2448,0.0017006298994925262,False
LARD_test_synth_LCPH_29_35_11.jpeg,726,726,22176.0,6482304,2648,2448,0.0034210058645814823,False
LARD_test_synth_LCPH_29_35_12.jpeg,727,727,9345.0,6482304,2648,2448,0.0014416170546768556,False
LARD_test_synth_LCPH_29_35_13.jpeg,728,728,20838.0,6482304,2648,2448,0.0032145977726438005,False
LARD_test_synth_LCPH_29_35_14.jpeg,729,729,15776.0,6482304,2648,2448,0.002433702584759987,False
LARD_test_synth_LCPH_29_35_15.jpeg,730,730,10275.0,6482304,2648,2448,0.0015850845625259167,False
LARD_test_synth_LCPH_29_35_16.jpeg,731,731,12972.0,6482304,2648,2448,0.0020011403352881937,False
LARD_test_synth_LCPH_29_35_17.jpeg,732,732,8541.0,6482304,2648,2448,0.0013175870801492803,False
LARD_test_synth_LCPH_29_35_18.jpeg,733,733,12296.0,6482304,2648,2448,0.0018968564263570483,False
LARD_test_synth_LCPH_29_35_19.jpeg,734,734,13440.0,6482304,2648,2448,0.0020733368876251408,False
LARD_test_synth_LCPH_29_35_20.jpeg,735,735,21390.0,6482304,2648,2448,0.003299752680528405,False
LARD_test_synth_LCPH_29_35_21.jpeg,736,736,24050.0,6482304,2648,2448,0.003710100606204214,False
LARD_test_synth_LCPH_29_35_22.jpeg,737,737,28178.0,6482304,2648,2448,0.004346911221689079,False
LARD_test_synth_LCPH_29_35_23.jpeg,738,738,25230.0,6482304,2648,2448,0.003892134648421302,False
LARD_test_synth_LCPH_29_35_24.jpeg,739,739,52640.0,6482304,2648,2448,0.008120569476531801,False
LARD_test_synth_LCPH_29_35_25.jpeg,740,740,37914.0,6482304,2648,2448,0.005848846336117528,False
LARD_test_synth_LCPH_29_35_26.jpeg,741,741,48910.0,6482304,2648,2448,0.007545156783760836,False
LARD_test_synth_LCPH_29_35_27.jpeg,742,742,42940.0,6482304,2648,2448,0.006624187943052346,False
LARD_test_synth_LCPH_29_35_28.jpeg,743,743,72960.0,6482304,2648,2448,0.01125525738996505,False
LARD_test_synth_LCPH_29_35_29.jpeg,744,744,61050.0,6482304,2648,2448,0.009417947692672235,False
LARD_test_synth_LCPH_29_35_30.jpeg,745,745,92504.0,6482304,2648,2448,0.014270234780719942,False
LARD_test_synth_LCPH_29_35_31.jpeg,746,746,137800.0,6482304,2648,2448,0.021257873743656577,False
LARD_test_synth_LCPH_29_35_32.jpeg,747,747,144072.0,6482304,2648,2448,0.022225430957881643,False
LARD_test_synth_LCPH_29_35_33.jpeg,748,748,270652.0,6482304,2648,2448,0.04175243863910116,False
LARD_test_synth_LEMD_14L_35_00.jpeg,749,749,2280.0,6482304,2648,2448,0.0003517267934364078,False
LARD_test_synth_LEMD_14L_35_01.jpeg,750,750,3696.0,6482304,2648,2448,0.0005701676440969137,False
LARD_test_synth_LEMD_14L_35_02.jpeg,751,751,3550.0,6482304,2648,2448,0.0005476447880259858,False
LARD_test_synth_LEMD_14L_35_03.jpeg,752,752,3776.0,6482304,2648,2448,0.0005825089350946824,False
LARD_test_synth_LEMD_14L_35_04.jpeg,753,753,2665.0,6482304,2648,2448,0.0004111192563631696,False
LARD_test_synth_LEMD_14L_35_05.jpeg,754,754,5544.0,6482304,2648,2448,0.0008552514661453706,False
LARD_test_synth_LEMD_14L_35_06.jpeg,755,755,3900.0,6482304,2648,2448,0.0006016379361412238,False
LARD_test_synth_LEMD_14L_35_07.jpeg,756,756,7371.0,6482304,2648,2448,0.001137095699306913,False
LARD_test_synth_LEMD_14L_35_08.jpeg,757,757,4402.0,6482304,2648,2448,0.0006790795371522224,False
LARD_test_synth_LEMD_14L_35_09.jpeg,758,758,7680.0,6482304,2648,2448,0.0011847639357857947,False
LARD_test_synth_LEMD_14L_35_10.jpeg,759,759,5208.0,6482304,2648,2448,0.000803418043954742,False
LARD_test_synth_LEMD_14L_35_11.jpeg,760,760,16704.0,6482304,2648,2448,0.0025768615603341035,False
LARD_test_synth_LEMD_14L_35_12.jpeg,761,761,6942.0,6482304,2648,2448,0.0010709155263313784,False
LARD_test_synth_LEMD_14L_35_13.jpeg,762,762,10302.0,6482304,2648,2448,0.0015892497482376637,False
LARD_test_synth_LEMD_14L_35_14.jpeg,763,763,9912.0,6482304,2648,2448,0.0015290859546235414,False
LARD_test_synth_LEMD_14L_35_15.jpeg,764,764,13685.0,6482304,2648,2448,0.0021111320913058075,False
LARD_test_synth_LEMD_14L_35_16.jpeg,765,765,16610.0,6482304,2648,2448,0.0025623605434117254,False
LARD_test_synth_LEMD_14L_35_17.jpeg,766,766,25488.0,6482304,2648,2448,0.003931935311889106,False
LARD_test_synth_LEMD_14L_35_18.jpeg,767,767,36018.0,6482304,2648,2448,0.005556357739470411,False
LARD_test_synth_LEMD_14L_35_19.jpeg,768,768,28175.0,6482304,2648,2448,0.004346448423276662,False
LARD_test_synth_LEMD_14L_35_20.jpeg,769,769,41422.0,6482304,2648,2448,0.006390011946369686,False
LARD_test_synth_LEMD_14L_35_21.jpeg,770,770,19000.0,6482304,2648,2448,0.002931056611970065,False
LARD_test_synth_LEMD_14L_35_22.jpeg,771,771,40320.0,6482304,2648,2448,0.006220010662875422,False
LARD_test_synth_LEMD_14L_35_23.jpeg,772,772,35292.0,6482304,2648,2448,0.00544436052366566,False
LARD_test_synth_LEMD_14L_35_24.jpeg,773,773,83070.0,6482304,2648,2448,0.012814888039808068,False
LARD_test_synth_LEMD_14L_35_25.jpeg,774,774,90972.0,6482304,2648,2448,0.014033899058112672,False
LARD_test_synth_LEMD_14L_35_26.jpeg,775,775,108300.0,6482304,2648,2448,0.01670702268822937,False
LARD_test_synth_LEMD_14L_35_27.jpeg,776,776,71133.0,6482304,2648,2448,0.010973413156803507,False
LARD_test_synth_LEMD_14L_35_28.jpeg,777,777,137936.0,6482304,2648,2448,0.021278853938352785,False
LARD_test_synth_LEMD_14L_35_29.jpeg,778,778,332820.0,6482304,2648,2448,0.051342855873467215,False
LARD_test_synth_LEMD_14L_35_30.jpeg,779,779,401638.0,6482304,2648,2448,0.061959142922022786,False
LARD_test_synth_LEMD_14L_35_31.jpeg,780,780,664525.0,6482304,2648,2448,0.10251370500365302,False
LARD_test_synth_LEMD_32R_35_03.jpeg,781,781,4536.0,6482304,2648,2448,0.000699751199573485,False
LARD_test_synth_LEMD_32R_35_04.jpeg,782,782,8944.0,6482304,2648,2448,0.00137975633355054,False
LARD_test_synth_LEMD_32R_35_05.jpeg,783,783,4428.0,6482304,2648,2448,0.0006830904567264972,False
LARD_test_synth_LEMD_32R_35_06.jpeg,784,784,5220.0,6482304,2648,2448,0.0008052692376044073,False
LARD_test_synth_LEMD_32R_35_07.jpeg,785,785,6216.0,6482304,2648,2448,0.0009589183105266275,False
LARD_test_synth_LEMD_32R_35_08.jpeg,786,786,11023.0,6482304,2648,2448,0.001700475633355054,False
LARD_test_synth_LEMD_32R_35_09.jpeg,787,787,5525.0,6482304,2648,2448,0.0008523204095334005,False
LARD_test_synth_LEMD_32R_35_10.jpeg,788,788,8370.0,6482304,2648,2448,0.0012912075706415496,False
LARD_test_synth_LEMD_32R_35_11.jpeg,789,789,8449.0,6482304,2648,2448,0.0013033945955018462,False
LARD_test_synth_LEMD_32R_35_12.jpeg,790,790,11656.0,6482304,2648,2448,0.0017981260983748989,False
LARD_test_synth_LEMD_32R_35_13.jpeg,791,791,9159.0,6482304,2648,2448,0.0014129235531070434,False
LARD_test_synth_LEMD_32R_35_14.jpeg,792,792,9100.0,6482304,2648,2448,0.001403821850996189,False
LARD_test_synth_LEMD_32R_35_15.jpeg,793,793,11844.0,6482304,2648,2448,0.0018271281322196553,False
LARD_test_synth_LEMD_32R_35_16.jpeg,794,794,15080.0,6482304,2648,2448,0.002326333353079399,False
LARD_test_synth_LEMD_32R_35_17.jpeg,795,795,14268.0,6482304,2648,2448,0.0022010692494520466,False
LARD_test_synth_LEMD_32R_35_18.jpeg,796,796,13674.0,6482304,2648,2448,0.0021094351637936143,False
LARD_test_synth_LEMD_32R_35_19.jpeg,797,797,28886.0,6482304,2648,2448,0.004456131647019332,False
LARD_test_synth_LEMD_32R_35_20.jpeg,798,798,17250.0,6482304,2648,2448,0.0026610908713938747,False
LARD_test_synth_LEMD_32R_35_21.jpeg,799,799,42781.0,6482304,2648,2448,0.006599659627194282,False
LARD_test_synth_LEMD_32R_35_22.jpeg,800,800,40365.0,6482304,2648,2448,0.006226952639061667,False
LARD_test_synth_LEMD_32R_35_23.jpeg,801,801,320814.0,6482304,2648,2448,0.049490736626977075,False
LARD_test_synth_LEMD_32R_35_24.jpeg,802,802,228326.0,6482304,2648,2448,0.035222970104456686,False
LARD_test_synth_LFRN_10_35_00.jpeg,803,803,3108.0,6482304,2648,2448,0.00047945915526331377,False
LARD_test_synth_LFRN_10_35_01.jpeg,804,804,1792.0,6482304,2648,2448,0.00027644491835001874,False
LARD_test_synth_LFRN_10_35_02.jpeg,805,805,1710.0,6482304,2648,2448,0.00026379509507730583,False
LARD_test_synth_LFRN_10_35_03.jpeg,806,806,7956.0,6482304,2648,2448,0.0012273413897280966,False
LARD_test_synth_LFRN_10_35_04.jpeg,807,807,3650.0,6482304,2648,2448,0.0005630714017731967,False
LARD_test_synth_LFRN_10_35_05.jpeg,808,808,6720.0,6482304,2648,2448,0.0010366684438125704,False
LARD_test_synth_LFRN_10_35_06.jpeg,809,809,2814.0,6482304,2648,2448,0.0004341049108465138,False
LARD_test_synth_LFRN_10_35_07.jpeg,810,810,6499.0,6482304,2648,2448,0.0010025756274312343,False
LARD_test_synth_LFRN_10_35_08.jpeg,811,811,4692.0,6482304,2648,2448,0.0007238167170191339,False
LARD_test_synth_LFRN_10_35_09.jpeg,812,812,11979.0,6482304,2648,2448,0.0018479540607783899,False
LARD_test_synth_LFRN_10_35_10.jpeg,813,813,5035.0,6482304,2648,2448,0.0007767300021720672,False
LARD_test_synth_LFRN_10_35_11.jpeg,814,814,8184.0,6482304,2648,2448,0.0012625140690717374,False
LARD_test_synth_LFRN_10_35_12.jpeg,815,815,6325.0,6482304,2648,2448,0.0009757333195110874,False
LARD_test_synth_LFRN_10_35_13.jpeg,816,816,9936.0,6482304,2648,2448,0.001532788341922872,False
LARD_test_synth_LFRN_10_35_14.jpeg,817,817,16988.0,6482304,2648,2448,0.0026206731433761825,False
LARD_test_synth_LFRN_10_35_15.jpeg,818,818,9831.0,6482304,2648,2448,0.0015165903974883005,False
LARD_test_synth_LFRN_10_35_16.jpeg,819,819,8496.0,6482304,2648,2448,0.0013106451039630353,False
LARD_test_synth_LFRN_10_35_17.jpeg,820,820,19250.0,6482304,2648,2448,0.002969623146338092,False
LARD_test_synth_LFRN_10_35_18.jpeg,821,821,10088.0,6482304,2648,2448,0.0015562367948186325,False
LARD_test_synth_LFRN_10_35_19.jpeg,822,822,9102.0,6482304,2648,2448,0.0014041303832711333,False
LARD_test_synth_LFRN_10_35_20.jpeg,823,823,10686.0,6482304,2648,2448,0.0016484879450269533,False
LARD_test_synth_LFRN_10_35_21.jpeg,824,824,9828.0,6482304,2648,2448,0.001516127599075884,False
LARD_test_synth_LFRN_10_35_22.jpeg,825,825,16254.0,6482304,2648,2448,0.0025074417984716547,False
LARD_test_synth_LFRN_10_35_23.jpeg,826,826,18592.0,6482304,2648,2448,0.0028681160278814445,False
LARD_test_synth_LFRN_10_35_24.jpeg,827,827,22650.0,6482304,2648,2448,0.0034941280137432617,False
LARD_test_synth_LFRN_10_35_25.jpeg,828,828,41664.0,6482304,2648,2448,0.006427344351637936,False
LARD_test_synth_LFRN_10_35_26.jpeg,829,829,33233.0,6482304,2648,2448,0.005126726546610588,False
LARD_test_synth_LFRN_10_35_27.jpeg,830,830,32697.0,6482304,2648,2448,0.0050440398969255375,False
LARD_test_synth_LFRN_10_35_28.jpeg,831,831,39611.0,6482304,2648,2448,0.006110635971407697,False
LARD_test_synth_LFRN_10_35_29.jpeg,832,832,40176.0,6482304,2648,2448,0.006197796339079438,False
LARD_test_synth_LFRN_10_35_30.jpeg,833,833,68838.0,6482304,2648,2448,0.010619372371305018,False
LARD_test_synth_LFRN_10_35_31.jpeg,834,834,123220.0,6482304,2648,2448,0.019008673459313234,False
LARD_test_synth_LFRN_10_35_32.jpeg,835,835,262386.0,6482304,2648,2448,0.040477274746756706,False
LARD_test_synth_LFRN_28_35_00.jpeg,836,836,1711.0,6482304,2648,2448,0.00026394936121477795,False
LARD_test_synth_LFRN_28_35_01.jpeg,837,837,2368.0,6482304,2648,2448,0.00036530221353395334,False
LARD_test_synth_LFRN_28_35_02.jpeg,838,838,2016.0,6482304,2648,2448,0.0003110005331437711,False
LARD_test_synth_LFRN_28_35_03.jpeg,839,839,1870.0,6482304,2648,2448,0.00028847767707284325,False
LARD_test_synth_LFRN_28_35_04.jpeg,840,840,4752.0,6482304,2648,2448,0.0007330726852674605,False
LARD_test_synth_LFRN_28_35_05.jpeg,841,841,1634.0,6482304,2648,2448,0.00025207086862942557,False
LARD_test_synth_LFRN_28_35_06.jpeg,842,842,2205.0,6482304,2648,2448,0.00034015683312599965,False
LARD_test_synth_LFRN_28_35_07.jpeg,843,843,2009.0,6482304,2648,2448,0.00030992067018146635,False
LARD_test_synth_LFRN_28_35_08.jpeg,844,844,5429.0,6482304,2648,2448,0.0008375108603360781,False
LARD_test_synth_LFRN_28_35_09.jpeg,845,845,2124.0,6482304,2648,2448,0.0003276612759907588,False
LARD_test_synth_LFRN_28_35_10.jpeg,846,846,4116.0,6482304,2648,2448,0.0006349594218351993,False
LARD_test_synth_LFRN_28_35_11.jpeg,847,847,5084.0,6482304,2648,2448,0.0007842890429082005,False
LARD_test_synth_LFRN_28_35_12.jpeg,848,848,3864.0,6482304,2648,2448,0.0005960843551922279,False
LARD_test_synth_LFRN_28_35_13.jpeg,849,849,5712.0,6482304,2648,2448,0.0008811681772406848,False
LARD_test_synth_LFRN_28_35_14.jpeg,850,850,7140.0,6482304,2648,2448,0.001101460221550856,False
LARD_test_synth_LFRN_28_35_15.jpeg,851,851,14186.0,6482304,2648,2448,0.0021884194261793336,False
LARD_test_synth_LFRN_28_35_16.jpeg,852,852,16200.0,6482304,2648,2448,0.0024991114270481608,False
LARD_test_synth_LFRN_28_35_17.jpeg,853,853,17262.0,6482304,2648,2448,0.00266294206504354,False
LARD_test_synth_LFRN_28_35_18.jpeg,854,854,18221.0,6482304,2648,2448,0.002810883290879292,False
LARD_test_synth_LFRN_28_35_19.jpeg,855,855,26775.0,6482304,2648,2448,0.00413047583081571,False
LARD_test_synth_LFRN_28_35_20.jpeg,856,856,49572.0,6482304,2648,2448,0.007647280966767371,False
LARD_test_synth_LFRN_28_35_21.jpeg,857,857,42721.0,6482304,2648,2448,0.006590403658945955,False
LARD_test_synth_LFRN_28_35_22.jpeg,858,858,44928.0,6482304,2648,2448,0.006930869024346899,False
LARD_test_synth_LFRN_28_35_23.jpeg,859,859,40362.0,6482304,2648,2448,0.006226489840649251,False
LARD_test_synth_LFRN_28_35_24.jpeg,860,860,48720.0,6482304,2648,2448,0.007515846217641135,False
LARD_test_synth_LFRN_28_35_25.jpeg,861,861,37994.0,6482304,2648,2448,0.0058611876271152975,False
LARD_test_synth_LFRN_28_35_26.jpeg,862,862,67944.0,6482304,2648,2448,0.010481458444404953,False
LARD_test_synth_LFRN_28_35_27.jpeg,863,863,81496.0,6482304,2648,2448,0.01257207313942697,False
LARD_test_synth_LFRN_28_35_28.jpeg,864,864,122112.0,6482304,2648,2448,0.018837746578994136,False
LARD_test_synth_LFRN_28_35_29.jpeg,865,865,130380.0,6482304,2648,2448,0.02011321900361353,False
LARD_test_synth_LFRS_03_35_00.jpeg,866,866,3900.0,6482304,2648,2448,0.0006016379361412238,False
LARD_test_synth_LFRS_03_35_01.jpeg,867,867,3400.0,6482304,2648,2448,0.0005245048674051696,False
LARD_test_synth_LFRS_03_35_02.jpeg,868,868,7680.0,6482304,2648,2448,0.0011847639357857947,False
LARD_test_synth_LFRS_03_35_03.jpeg,869,869,6499.0,6482304,2648,2448,0.0010025756274312343,False
LARD_test_synth_LFRS_03_35_04.jpeg,870,870,4270.0,6482304,2648,2448,0.0006587164070059041,False
LARD_test_synth_LFRS_03_35_05.jpeg,871,871,6882.0,6482304,2648,2448,0.001061659558083052,False
LARD_test_synth_LFRS_03_35_06.jpeg,872,872,2808.0,6482304,2648,2448,0.00043317931402168117,False
LARD_test_synth_LFRS_03_35_07.jpeg,873,873,5508.0,6482304,2648,2448,0.0008496978851963746,False
LARD_test_synth_LFRS_03_35_08.jpeg,874,874,4482.0,6482304,2648,2448,0.0006914208281499911,False
LARD_test_synth_LFRS_03_35_09.jpeg,875,875,26216.0,6482304,2648,2448,0.004044241059968801,False
LARD_test_synth_LFRS_03_35_10.jpeg,876,876,6138.0,6482304,2648,2448,0.0009468855518038031,False
LARD_test_synth_LFRS_03_35_11.jpeg,877,877,7918.0,6482304,2648,2448,0.0012214792765041565,False
LARD_test_synth_LFRS_03_35_12.jpeg,878,878,16704.0,6482304,2648,2448,0.0025768615603341035,False
LARD_test_synth_LFRS_03_35_13.jpeg,879,879,8366.0,6482304,2648,2448,0.0012905905060916613,False
LARD_test_synth_LFRS_03_35_14.jpeg,880,880,7663.0,6482304,2648,2448,0.0011821414114487688,False
LARD_test_synth_LFRS_03_35_15.jpeg,881,881,6048.0,6482304,2648,2448,0.0009330015994313133,False
LARD_test_synth_LFRS_03_35_16.jpeg,882,882,13005.0,6482304,2648,2448,0.0020062311178247736,False
LARD_test_synth_LFRS_03_35_17.jpeg,883,883,9945.0,6482304,2648,2448,0.0015341767371601209,False
LARD_test_synth_LFRS_03_35_18.jpeg,884,884,13066.0,6482304,2648,2448,0.002015641352210572,False
LARD_test_synth_LFRS_03_35_19.jpeg,885,885,13578.0,6482304,2648,2448,0.0020946256145962915,False
LARD_test_synth_LFRS_03_35_20.jpeg,886,886,17732.0,6482304,2648,2448,0.002735447149655431,False
LARD_test_synth_LFRS_03_35_21.jpeg,887,887,15600.0,6482304,2648,2448,0.0024065517445648952,False
LARD_test_synth_LFRS_03_35_22.jpeg,888,888,18870.0,6482304,2648,2448,0.0029110020140986907,False
LARD_test_synth_LFRS_03_35_23.jpeg,889,889,21539.0,6482304,2648,2448,0.003322738335011749,False
LARD_test_synth_LFRS_03_35_24.jpeg,890,890,36423.0,6482304,2648,2448,0.0056188355251466145,False
LARD_test_synth_LFRS_03_35_25.jpeg,891,891,38809.0,6482304,2648,2448,0.0059869145291550655,False
LARD_test_synth_LFRS_03_35_26.jpeg,892,892,30770.0,6482304,2648,2448,0.004746769050016784,False
LARD_test_synth_LFRS_03_35_27.jpeg,893,893,35055.0,6482304,2648,2448,0.00540779944908477,False
LARD_test_synth_LFRS_03_35_28.jpeg,894,894,171150.0,6482304,2648,2448,0.0264026494283514,False
LARD_test_synth_LFRS_03_35_29.jpeg,895,895,162855.0,6482304,2648,2448,0.02512301181802026,False
LARD_test_synth_LFRS_03_35_30.jpeg,896,896,335014.0,6482304,2648,2448,0.05168131577908102,False
LARD_test_synth_LFRS_03_35_31.jpeg,897,897,246272.0,6482304,2648,2448,0.03799143020753115,False
LARD_test_synth_LFRS_03_35_32.jpeg,898,898,452655.0,6482304,2648,2448,0.06982933845743736,False
LARD_test_synth_LFRS_21_35_00.jpeg,899,899,3850.0,6482304,2648,2448,0.0005939246292676184,False
LARD_test_synth_LFRS_21_35_01.jpeg,900,900,3224.0,6482304,2648,2448,0.0004973540272100784,False
LARD_test_synth_LFRS_21_35_02.jpeg,901,901,5082.0,6482304,2648,2448,0.0007839805106332564,False
LARD_test_synth_LFRS_21_35_03.jpeg,902,902,4402.0,6482304,2648,2448,0.0006790795371522224,False
LARD_test_synth_LFRS_21_35_04.jpeg,903,903,5530.0,6482304,2648,2448,0.000853091740220761,False
LARD_test_synth_LFRS_21_35_05.jpeg,904,904,4018.0,6482304,2648,2448,0.0006198413403629327,False
LARD_test_synth_LFRS_21_35_06.jpeg,905,905,5076.0,6482304,2648,2448,0.0007830549138084237,False
LARD_test_synth_LFRS_21_35_07.jpeg,906,906,14652.0,6482304,2648,2448,0.0022603074462413364,False
LARD_test_synth_LFRS_21_35_08.jpeg,907,907,4845.0,6482304,2648,2448,0.0007474194360523666,False
LARD_test_synth_LFRS_21_35_09.jpeg,908,908,8075.0,6482304,2648,2448,0.0012456990600872777,False
LARD_test_synth_LFRS_21_35_10.jpeg,909,909,4459.0,6482304,2648,2448,0.0006878727069881326,False
LARD_test_synth_LFRS_21_35_11.jpeg,910,910,5360.0,6482304,2648,2448,0.0008268664968505026,False
LARD_test_synth_LFRS_21_35_12.jpeg,911,911,5100.0,6482304,2648,2448,0.0007867573011077543,False
LARD_test_synth_LFRS_21_35_13.jpeg,912,912,5253.0,6482304,2648,2448,0.000810360020140987,False
LARD_test_synth_LFRS_21_35_14.jpeg,913,913,6612.0,6482304,2648,2448,0.0010200077009655825,False
LARD_test_synth_LFRS_21_35_15.jpeg,914,914,5824.0,6482304,2648,2448,0.0008984459846375609,False
LARD_test_synth_LFRS_21_35_16.jpeg,915,915,5696.0,6482304,2648,2448,0.0008786999190411311,False
LARD_test_synth_LFRS_21_35_17.jpeg,916,916,6930.0,6482304,2648,2448,0.0010690643326817131,False
LARD_test_synth_LFRS_21_35_18.jpeg,917,917,9432.0,6482304,2648,2448,0.001455038208636929,False
LARD_test_synth_LFRS_21_35_19.jpeg,918,918,27489.0,6482304,2648,2448,0.0042406218529707955,False
LARD_test_synth_LFRS_21_35_20.jpeg,919,919,27588.0,6482304,2648,2448,0.0042558942005805345,False
LARD_test_synth_LFRS_21_35_21.jpeg,920,920,31671.0,6482304,2648,2448,0.004885762839879154,False
LARD_test_synth_LFRS_21_35_22.jpeg,921,921,20280.0,6482304,2648,2448,0.003128517267934364,False
LARD_test_synth_LFRS_21_35_23.jpeg,922,922,23625.0,6482304,2648,2448,0.0036445374977785677,False
LARD_test_synth_LFRS_21_35_24.jpeg,923,923,40330.0,6482304,2648,2448,0.0062215533242501436,False
LARD_test_synth_LFRS_21_35_25.jpeg,924,924,20944.0,6482304,2648,2448,0.003230949983215844,False
LARD_test_synth_LFRS_21_35_26.jpeg,925,925,23616.0,6482304,2648,2448,0.003643149102541319,False
LARD_test_synth_LFRS_21_35_27.jpeg,926,926,59821.0,6482304,2648,2448,0.009228354609719014,False
LARD_test_synth_LFRS_21_35_28.jpeg,927,927,31845.0,6482304,2648,2448,0.004912605147799301,False
LARD_test_synth_LFRS_21_35_29.jpeg,928,928,104146.0,6482304,2648,2448,0.016066201153170232,False
LARD_test_synth_LFRS_21_35_30.jpeg,929,929,133245.0,6482304,2648,2448,0.020555191487471123,False
LARD_test_synth_LFRS_21_35_31.jpeg,930,930,260550.0,6482304,2648,2448,0.04019404211835792,False
LARD_test_synth_LFRS_21_35_32.jpeg,931,931,908189.0,6482304,2648,2448,0.14010280912465692,False
LARD_test_synth_LFSB_15_35_00.jpeg,932,932,6161.0,6482304,2648,2448,0.0009504336729656616,False
LARD_test_synth_LFSB_15_35_01.jpeg,933,933,11336.0,6482304,2648,2448,0.001748760934383824,False
LARD_test_synth_LFSB_15_35_02.jpeg,934,934,7560.0,6482304,2648,2448,0.0011662519992891415,False
LARD_test_synth_LFSB_15_35_03.jpeg,935,935,6188.0,6482304,2648,2448,0.0009545988586774086,False
LARD_test_synth_LFSB_15_35_04.jpeg,936,936,10032.0,6482304,2648,2448,0.0015475978911201943,False
LARD_test_synth_LFSB_15_35_05.jpeg,937,937,10062.0,6482304,2648,2448,0.0015522258752443576,False
LARD_test_synth_LFSB_15_35_06.jpeg,938,938,4730.0,6482304,2648,2448,0.000729678830243074,False
LARD_test_synth_LFSB_15_35_07.jpeg,939,939,8560.0,6482304,2648,2448,0.0013205181367612502,False
LARD_test_synth_LFSB_15_35_08.jpeg,940,940,17160.0,6482304,2648,2448,0.002647206919021385,False
LARD_test_synth_LFSB_15_35_09.jpeg,941,941,7488.0,6482304,2648,2448,0.0011551448373911498,False
LARD_test_synth_LFSB_15_35_10.jpeg,942,942,11102.0,6482304,2648,2448,0.0017126626582153505,False
LARD_test_synth_LFSB_15_35_11.jpeg,943,943,11808.0,6482304,2648,2448,0.0018215745512706594,False
LARD_test_synth_LFSB_15_35_12.jpeg,944,944,22879.0,6482304,2648,2448,0.0035294549592243744,False
LARD_test_synth_LFSB_15_35_13.jpeg,945,945,14279.0,6482304,2648,2448,0.00220276617696424,False
LARD_test_synth_LFSB_15_35_14.jpeg,946,946,18285.0,6482304,2648,2448,0.0028207563236775073,False
LARD_test_synth_LFSB_15_35_15.jpeg,947,947,18419.0,6482304,2648,2448,0.00284142798609877,False
LARD_test_synth_LFSB_15_35_16.jpeg,948,948,26248.0,6482304,2648,2448,0.004049177576367908,False
LARD_test_synth_LFSB_15_35_17.jpeg,949,949,23856.0,6482304,2648,2448,0.0036801729755346247,False
LARD_test_synth_LFSB_15_35_18.jpeg,950,950,24926.0,6482304,2648,2448,0.003845237742629781,False
LARD_test_synth_LFSB_15_35_19.jpeg,951,951,17802.0,6482304,2648,2448,0.0027462457792784786,False
LARD_test_synth_LFSB_15_35_20.jpeg,952,952,20808.0,6482304,2648,2448,0.0032099697885196376,False
LARD_test_synth_LFSB_15_35_21.jpeg,953,953,23265.0,6482304,2648,2448,0.0035890016882886085,False
LARD_test_synth_LFSB_15_35_22.jpeg,954,954,24716.0,6482304,2648,2448,0.003812841853760638,False
LARD_test_synth_LFSB_15_35_23.jpeg,955,955,26128.0,6482304,2648,2448,0.004030665639871256,False
LARD_test_synth_LFSB_15_35_24.jpeg,956,956,29200.0,6482304,2648,2448,0.0045045712141855735,False
LARD_test_synth_LFSB_15_35_25.jpeg,957,957,47142.0,6482304,2648,2448,0.0072724142527101476,False
LARD_test_synth_LFSB_15_35_26.jpeg,958,958,58302.0,6482304,2648,2448,0.008994024346898881,False
LARD_test_synth_LFSB_15_35_27.jpeg,959,959,119985.0,6482304,2648,2448,0.01850962250459096,False
LARD_test_synth_LFSB_15_35_28.jpeg,960,960,172805.0,6482304,2648,2448,0.026657959885867742,False
LARD_test_synth_LFSB_15_35_29.jpeg,961,961,187944.0,6482304,2648,2448,0.028993394941057994,False
LARD_test_synth_LFSB_33_35_00.jpeg,962,962,3283.0,6482304,2648,2448,0.0005064557293209328,False
LARD_test_synth_LFSB_33_35_01.jpeg,963,963,6256.0,6482304,2648,2448,0.0009650889560255119,False
LARD_test_synth_LFSB_33_35_02.jpeg,964,964,5964.0,6482304,2648,2448,0.0009200432438836562,False
LARD_test_synth_LFSB_33_35_03.jpeg,965,965,3750.0,6482304,2648,2448,0.0005784980155204075,False
LARD_test_synth_LFSB_33_35_04.jpeg,966,966,3510.0,6482304,2648,2448,0.0005414741425271015,False
LARD_test_synth_LFSB_33_35_05.jpeg,967,967,9372.0,6482304,2648,2448,0.0014457822403886025,False
LARD_test_synth_LFSB_33_35_06.jpeg,968,968,7384.0,6482304,2648,2448,0.0011391011590940504,False
LARD_test_synth_LFSB_33_35_07.jpeg,969,969,16650.0,6482304,2648,2448,0.0025685311889106096,False
LARD_test_synth_LFSB_33_35_08.jpeg,970,970,5330.0,6482304,2648,2448,0.0008222385127263392,False
LARD_test_synth_LFSB_33_35_09.jpeg,971,971,8640.0,6482304,2648,2448,0.001332859427759019,False
LARD_test_synth_LFSB_33_35_10.jpeg,972,972,7482.0,6482304,2648,2448,0.0011542192405663172,False
LARD_test_synth_LFSB_33_35_11.jpeg,973,973,10500.0,6482304,2648,2448,0.0016197944434571412,False
LARD_test_synth_LFSB_33_35_12.jpeg,974,974,32526.0,6482304,2648,2448,0.005017660387417807,False
LARD_test_synth_LFSB_33_35_13.jpeg,975,975,14364.0,6482304,2648,2448,0.002215878798649369,False
LARD_test_synth_LFSB_33_35_14.jpeg,976,976,26250.0,6482304,2648,2448,0.004049486108642853,False
LARD_test_synth_LFSB_33_35_15.jpeg,977,977,23572.0,6482304,2648,2448,0.0036363613924925457,False
LARD_test_synth_LFSB_33_35_16.jpeg,978,978,31020.0,6482304,2648,2448,0.004785335584384811,False
LARD_test_synth_LFSB_33_35_17.jpeg,979,979,22176.0,6482304,2648,2448,0.0034210058645814823,False
LARD_test_synth_LFSB_33_35_18.jpeg,980,980,43240.0,6482304,2648,2448,0.00667046778429398,False
LARD_test_synth_LFSB_33_35_19.jpeg,981,981,48112.0,6482304,2648,2448,0.007422052406058093,False
LARD_test_synth_LFSB_33_35_20.jpeg,982,982,48762.0,6482304,2648,2448,0.007522325395414964,False
LARD_test_synth_LFSB_33_35_21.jpeg,983,983,58300.0,6482304,2648,2448,0.008993715814623935,False
LARD_test_synth_LFSB_33_35_22.jpeg,984,984,60564.0,6482304,2648,2448,0.00934297434986079,False
LARD_test_synth_LFSB_33_35_23.jpeg,985,985,148393.0,6482304,2648,2448,0.022892014937898622,False
LARD_test_synth_LFSB_33_35_24.jpeg,986,986,141219.0,6482304,2648,2448,0.021785309667673718,False
LARD_test_synth_LFSB_33_35_25.jpeg,987,987,48048.0,6482304,2648,2448,0.007412179373259878,False
LARD_test_synth_LFSB_33_35_26.jpeg,988,988,143277.0,6482304,2648,2448,0.022102789378591316,False
LARD_test_synth_LFSB_33_35_27.jpeg,989,989,284186.0,6482304,2648,2448,0.04384027654364868,False
LARD_test_synth_LFSB_33_35_28.jpeg,990,990,335762.0,6482304,2648,2448,0.051796706849910154,False
LARD_test_synth_LFSB_33_35_29.jpeg,991,991,583080.0,6482304,2648,2448,0.08994949943723712,False
LARD_test_synth_LFSB_33_35_30.jpeg,992,992,1646920.0,6482304,2648,2448,0.2540639871255652,False
LARD_test_synth_LFSB_33_35_32.jpeg,993,993,2362456.0,6482304,2648,2448,0.36444696206780797,False
LARD_test_synth_LGSM_27_35_00.jpeg,994,994,3190.0,6482304,2648,2448,0.0004921089785360267,False
LARD_test_synth_LGSM_27_35_01.jpeg,995,995,1848.0,6482304,2648,2448,0.00028508382204845686,False
LARD_test_synth_LGSM_27_35_02.jpeg,996,996,5510.0,6482304,2648,2448,0.0008500064174713188,False
LARD_test_synth_LGSM_27_35_03.jpeg,997,997,2684.0,6482304,2648,2448,0.0004140503129751397,False
LARD_test_synth_LGSM_27_35_04.jpeg,998,998,3834.0,6482304,2648,2448,0.0005914563710680647,False
LARD_test_synth_LGSM_27_35_05.jpeg,999,999,2829.0,6482304,2648,2448,0.0004364189029085955,False
LARD_test_synth_LGSM_27_35_06.jpeg,1000,1000,4752.0,6482304,2648,2448,0.0007330726852674605,False
LARD_test_synth_LGSM_27_35_07.jpeg,1001,1001,3400.0,6482304,2648,2448,0.0005245048674051696,False
LARD_test_synth_LGSM_27_35_08.jpeg,1002,1002,11550.0,6482304,2648,2448,0.0017817738878028553,False
LARD_test_synth_LGSM_27_35_09.jpeg,1003,1003,5928.0,6482304,2648,2448,0.0009144896629346603,False
LARD_test_synth_LGSM_27_35_10.jpeg,1004,1004,4731.0,6482304,2648,2448,0.0007298330963805462,False
LARD_test_synth_LGSM_27_35_11.jpeg,1005,1005,4872.0,6482304,2648,2448,0.0007515846217641135,False
LARD_test_synth_LGSM_27_35_12.jpeg,1006,1006,4732.0,6482304,2648,2448,0.0007299873625180183,False
LARD_test_synth_LGSM_27_35_13.jpeg,1007,1007,6162.0,6482304,2648,2448,0.0009505879391031337,False
LARD_test_synth_LGSM_27_35_14.jpeg,1008,1008,14490.0,6482304,2648,2448,0.0022353163319708547,False
LARD_test_synth_LGSM_27_35_15.jpeg,1009,1009,21605.0,6482304,2648,2448,0.0033329199000849082,False
LARD_test_synth_LGSM_27_35_16.jpeg,1010,1010,18304.0,6482304,2648,2448,0.0028236873802894775,False
LARD_test_synth_LGSM_27_35_17.jpeg,1011,1011,17931.0,6482304,2648,2448,0.002766146111012381,False
LARD_test_synth_LGSM_27_35_18.jpeg,1012,1012,20646.0,6482304,2648,2448,0.003184978674249156,False
LARD_test_synth_LGSM_27_35_19.jpeg,1013,1013,17484.0,6482304,2648,2448,0.002697189147562348,False
LARD_test_synth_LGSM_27_35_20.jpeg,1014,1014,25020.0,6482304,2648,2448,0.003859738759552159,False
LARD_test_synth_LGSM_27_35_21.jpeg,1015,1015,40898.0,6482304,2648,2448,0.006309176490334301,False
LARD_test_synth_LGSM_27_35_22.jpeg,1016,1016,58944.0,6482304,2648,2448,0.009093063207155975,False
LARD_test_synth_LGSM_27_35_23.jpeg,1017,1017,32916.0,6482304,2648,2448,0.00507782418103193,False
LARD_test_synth_LGSM_27_35_24.jpeg,1018,1018,103887.0,6482304,2648,2448,0.016026246223564956,False
LARD_test_synth_LGSM_27_35_25.jpeg,1019,1019,113535.0,6482304,2648,2448,0.01751460591789586,False
LARD_test_synth_LGSM_27_35_26.jpeg,1020,1020,272082.0,6482304,2648,2448,0.04197303921568627,False
LARD_test_synth_LGSM_27_35_27.jpeg,1021,1021,676096.0,6482304,2648,2448,0.10429871848034279,False
LARD_test_synth_LGSM_9_35_00.jpeg,1022,1022,2132.0,6482304,2648,2448,0.0003288954050905357,False
LARD_test_synth_LGSM_9_35_01.jpeg,1023,1023,3380.0,6482304,2648,2448,0.0005214195446557274,False
LARD_test_synth_LGSM_9_35_02.jpeg,1024,1024,3723.0,6482304,2648,2448,0.0005743328298086606,False
LARD_test_synth_LGSM_9_35_03.jpeg,1025,1025,2028.0,6482304,2648,2448,0.0003128517267934364,False
LARD_test_synth_LGSM_9_35_04.jpeg,1026,1026,4278.0,6482304,2648,2448,0.000659950536105681,False
LARD_test_synth_LGSM_9_35_05.jpeg,1027,1027,2805.0,6482304,2648,2448,0.00043271651560926485,False
LARD_test_synth_LGSM_9_35_06.jpeg,1028,1028,5928.0,6482304,2648,2448,0.0009144896629346603,False
LARD_test_synth_LGSM_9_35_07.jpeg,1029,1029,2394.0,6482304,2648,2448,0.0003693131331082282,False
LARD_test_synth_LGSM_9_35_08.jpeg,1030,1030,6318.0,6482304,2648,2448,0.0009746534565487826,False
LARD_test_synth_LGSM_9_35_09.jpeg,1031,1031,5762.0,6482304,2648,2448,0.0008888814841142902,False
LARD_test_synth_LGSM_9_35_10.jpeg,1032,1032,8364.0,6482304,2648,2448,0.001290281973816717,False
LARD_test_synth_LGSM_9_35_11.jpeg,1033,1033,8250.0,6482304,2648,2448,0.0012726956341448967,False
LARD_test_synth_LGSM_9_35_12.jpeg,1034,1034,5056.0,6482304,2648,2448,0.0007799695910589815,False
LARD_test_synth_LGSM_9_35_13.jpeg,1035,1035,6396.0,6482304,2648,2448,0.000986686215271607,False
LARD_test_synth_LGSM_9_35_14.jpeg,1036,1036,3692.0,6482304,2648,2448,0.0005695505795470252,False
LARD_test_synth_LGSM_9_35_15.jpeg,1037,1037,15444.0,6482304,2648,2448,0.0023824862271192467,False
LARD_test_synth_LGSM_9_35_16.jpeg,1038,1038,28560.0,6482304,2648,2448,0.004405840886203424,False
LARD_test_synth_LGSM_9_35_17.jpeg,1039,1039,22464.0,6482304,2648,2448,0.0034654345121734494,False
LARD_test_synth_LGSM_9_35_18.jpeg,1040,1040,34102.0,6482304,2648,2448,0.005260783820073851,False
LARD_test_synth_LGSM_9_35_19.jpeg,1041,1041,20670.0,6482304,2648,2448,0.0031886810615484864,False
LARD_test_synth_LGSM_9_35_20.jpeg,1042,1042,18704.0,6482304,2648,2448,0.002885393835278321,False
LARD_test_synth_LGSM_9_35_21.jpeg,1043,1043,61664.0,6482304,2648,2448,0.00951266710108011,False
LARD_test_synth_LGSM_9_35_22.jpeg,1044,1044,26448.0,6482304,2648,2448,0.00408003080386233,False
LARD_test_synth_LGSM_9_35_23.jpeg,1045,1045,38610.0,6482304,2648,2448,0.005956215567798117,False
LARD_test_synth_LGSM_9_35_24.jpeg,1046,1046,67354.0,6482304,2648,2448,0.010390441423296409,False
LARD_test_synth_LGSM_9_35_25.jpeg,1047,1047,160176.0,6482304,2648,2448,0.02470973283573248,False
LARD_test_synth_LGSM_9_35_26.jpeg,1048,1048,54978.0,6482304,2648,2448,0.008481243705941591,False
LARD_test_synth_LGSM_9_35_27.jpeg,1049,1049,75446.0,6482304,2648,2448,0.011638763007720711,False
LARD_test_synth_LGSM_9_35_28.jpeg,1050,1050,182400.0,6482304,2648,2448,0.028138143474912624,False
LARD_test_synth_LGSM_9_35_29.jpeg,1051,1051,414622.0,6482304,2648,2448,0.06396213445096065,False
LARD_test_synth_LGSM_9_35_30.jpeg,1052,1052,459895.0,6482304,2648,2448,0.07094622529273542,False
LARD_test_synth_LGSM_9_35_31.jpeg,1053,1053,1467154.0,6482304,2648,2448,0.22633218065675414,False
LARD_test_synth_LICJ_02_35_00.jpeg,1054,1054,7296.0,6482304,2648,2448,0.0011255257389965049,False
LARD_test_synth_LICJ_02_35_01.jpeg,1055,1055,3944.0,6482304,2648,2448,0.0006084256461899967,False
LARD_test_synth_LICJ_02_35_02.jpeg,1056,1056,1798.0,6482304,2648,2448,0.00027737051517485144,False
LARD_test_synth_LICJ_02_35_03.jpeg,1057,1057,5694.0,6482304,2648,2448,0.0008783913867661869,False
LARD_test_synth_LICJ_02_35_04.jpeg,1058,1058,6392.0,6482304,2648,2448,0.0009860691507217188,False
LARD_test_synth_LICJ_02_35_05.jpeg,1059,1059,3124.0,6482304,2648,2448,0.0004819274134628675,False
LARD_test_synth_LICJ_02_35_06.jpeg,1060,1060,6083.0,6482304,2648,2448,0.0009384009142428371,False
LARD_test_synth_LICJ_02_35_07.jpeg,1061,1061,4292.0,6482304,2648,2448,0.0006621102620302904,False
LARD_test_synth_LICJ_02_35_08.jpeg,1062,1062,7770.0,6482304,2648,2448,0.0011986478881582845,False
LARD_test_synth_LICJ_02_35_09.jpeg,1063,1063,11070.0,6482304,2648,2448,0.0017077261418162431,False
LARD_test_synth_LICJ_02_35_10.jpeg,1064,1064,4368.0,6482304,2648,2448,0.0006738344884781707,False
LARD_test_synth_LICJ_02_35_11.jpeg,1065,1065,7826.0,6482304,2648,2448,0.0012072867918567225,False
LARD_test_synth_LICJ_02_35_12.jpeg,1066,1066,13338.0,6482304,2648,2448,0.0020576017416029857,False
LARD_test_synth_LICJ_02_35_13.jpeg,1067,1067,6840.0,6482304,2648,2448,0.0010551803803092233,False
LARD_test_synth_LICJ_02_35_14.jpeg,1068,1068,14042.0,6482304,2648,2448,0.00216620510238335,False
LARD_test_synth_LICJ_02_35_15.jpeg,1069,1069,4620.0,6482304,2648,2448,0.0007127095551211422,False
LARD_test_synth_LICJ_02_35_16.jpeg,1070,1070,14820.0,6482304,2648,2448,0.0022862241573366505,False
LARD_test_synth_LICJ_02_35_17.jpeg,1071,1071,5475.0,6482304,2648,2448,0.000844607102659795,False
LARD_test_synth_LICJ_02_35_18.jpeg,1072,1072,21922.0,6482304,2648,2448,0.0033818222656635667,False
LARD_test_synth_LICJ_02_35_19.jpeg,1073,1073,7632.0,6482304,2648,2448,0.0011773591611871335,False
LARD_test_synth_LICJ_02_35_20.jpeg,1074,1074,11760.0,6482304,2648,2448,0.001814169776671998,False
LARD_test_synth_LICJ_02_35_21.jpeg,1075,1075,15481.0,6482304,2648,2448,0.0023881940742057147,False
LARD_test_synth_LICJ_02_35_22.jpeg,1076,1076,24336.0,6482304,2648,2448,0.003754220721521237,False
LARD_test_synth_LICJ_02_35_23.jpeg,1077,1077,11520.0,6482304,2648,2448,0.001777145903678692,False
LARD_test_synth_LICJ_02_35_24.jpeg,1078,1078,41019.0,6482304,2648,2448,0.006327842692968426,False
LARD_test_synth_LICJ_02_35_25.jpeg,1079,1079,104951.0,6482304,2648,2448,0.01619038539383528,False
LARD_test_synth_LICJ_02_35_26.jpeg,1080,1080,77112.0,6482304,2648,2448,0.011895770392749245,False
LARD_test_synth_LICJ_02_35_27.jpeg,1081,1081,94830.0,6482304,2648,2448,0.014629057816480067,False
LARD_test_synth_LICJ_02_35_28.jpeg,1082,1082,76242.0,6482304,2648,2448,0.01176155885314851,False
LARD_test_synth_LICJ_02_35_29.jpeg,1083,1083,233730.0,6482304,2648,2448,0.036056624311355964,False
LARD_test_synth_LICJ_02_35_30.jpeg,1084,1084,690850.0,6482304,2648,2448,0.10657476107260629,False
LARD_test_synth_LICJ_02_35_31.jpeg,1085,1085,1138644.0,6482304,2648,2448,0.17565421183579172,False
LARD_test_synth_LICJ_20_35_00.jpeg,1086,1086,3408.0,6482304,2648,2448,0.0005257389965049464,False
LARD_test_synth_LICJ_20_35_01.jpeg,1087,1087,4582.0,6482304,2648,2448,0.000706847441897202,False
LARD_test_synth_LICJ_20_35_02.jpeg,1088,1088,1770.0,6482304,2648,2448,0.00027305106332563235,False
LARD_test_synth_LICJ_20_35_03.jpeg,1089,1089,1855.0,6482304,2648,2448,0.0002861636850107616,False
LARD_test_synth_LICJ_20_35_04.jpeg,1090,1090,2904.0,6482304,2648,2448,0.0004479888632190036,False
LARD_test_synth_LICJ_20_35_05.jpeg,1091,1091,3381.0,6482304,2648,2448,0.0005215738107931995,False
LARD_test_synth_LICJ_20_35_06.jpeg,1092,1092,3348.0,6482304,2648,2448,0.0005164830282566199,False
LARD_test_synth_LICJ_20_35_07.jpeg,1093,1093,4284.0,6482304,2648,2448,0.0006608761329305136,False
LARD_test_synth_LICJ_20_35_08.jpeg,1094,1094,2652.0,6482304,2648,2448,0.00040911379657603225,False
LARD_test_synth_LICJ_20_35_09.jpeg,1095,1095,6715.0,6482304,2648,2448,0.0010358971131252098,False
LARD_test_synth_LICJ_20_35_10.jpeg,1096,1096,4680.0,6482304,2648,2448,0.0007219655233694686,False
LARD_test_synth_LICJ_20_35_11.jpeg,1097,1097,6650.0,6482304,2648,2448,0.0010258698141895227,False
LARD_test_synth_LICJ_20_35_12.jpeg,1098,1098,8393.0,6482304,2648,2448,0.0012947556918034083,False
LARD_test_synth_LICJ_20_35_13.jpeg,1099,1099,7857.0,6482304,2648,2448,0.001212069042118358,True
LARD_test_synth_LICJ_20_35_14.jpeg,1100,1100,8550.0,6482304,2648,2448,0.0013189754753865292,True
LARD_test_synth_LICJ_20_35_15.jpeg,1101,1101,11094.0,6482304,2648,2448,0.0017114285291155737,True
LARD_test_synth_LICJ_20_35_16.jpeg,1102,1102,19372.0,6482304,2648,2448,0.0029884436151096892,True
LARD_test_synth_LICJ_20_35_17.jpeg,1103,1103,20280.0,6482304,2648,2448,0.003128517267934364,False
LARD_test_synth_LICJ_20_35_18.jpeg,1104,1104,18753.0,6482304,2648,2448,0.002892952876014454,True
LARD_test_synth_LICJ_20_35_19.jpeg,1105,1105,27300.0,6482304,2648,2448,0.0042114655529885674,False
LARD_test_synth_LICJ_20_35_20.jpeg,1106,1106,29294.0,6482304,2648,2448,0.004519072231107952,False
LARD_test_synth_LICJ_20_35_21.jpeg,1107,1107,23103.0,6482304,2648,2448,0.0035640105740181267,True
LARD_test_synth_LICJ_20_35_22.jpeg,1108,1108,29205.0,6482304,2648,2448,0.004505342544872934,True
LARD_test_synth_LICJ_20_35_23.jpeg,1109,1109,43239.0,6482304,2648,2448,0.006670313518156507,True
LARD_test_synth_LICJ_20_35_24.jpeg,1110,1110,106586.0,6482304,2648,2448,0.016442610528602176,False
LARD_test_synth_LICJ_20_35_25.jpeg,1111,1111,186945.0,6482304,2648,2448,0.02883928306972336,False
LARD_test_synth_LICJ_20_35_26.jpeg,1112,1112,375387.0,6482304,2648,2448,0.05790950254724246,False
LARD_test_synth_LICJ_20_35_27.jpeg,1113,1113,310986.0,6482304,2648,2448,0.04797460902790119,False
LARD_test_synth_LICJ_20_35_29.jpeg,1114,1114,1438400.0,6482304,2648,2448,0.22189641213988112,False
LARD_test_synth_LICJ_20_35_30.jpeg,1115,1115,1353825.0,6482304,2648,2448,0.20884935356317755,False
LARD_test_synth_LICJ_25_35_00.jpeg,1116,1116,2948.0,6482304,2648,2448,0.0004547765732677764,False
LARD_test_synth_LICJ_25_35_01.jpeg,1117,1117,5472.0,6482304,2648,2448,0.0008441443042473787,False
LARD_test_synth_LICJ_25_35_02.jpeg,1118,1118,2280.0,6482304,2648,2448,0.0003517267934364078,False
LARD_test_synth_LICJ_25_35_03.jpeg,1119,1119,4116.0,6482304,2648,2448,0.0006349594218351993,False
LARD_test_synth_LICJ_25_35_04.jpeg,1120,1120,7650.0,6482304,2648,2448,0.0011801359516616314,False
LARD_test_synth_LICJ_25_35_05.jpeg,1121,1121,9540.0,6482304,2648,2448,0.0014716989514839168,False
LARD_test_synth_LICJ_25_35_06.jpeg,1122,1122,3927.0,6482304,2648,2448,0.0006058031218529708,False
LARD_test_synth_LICJ_25_35_07.jpeg,1123,1123,9009.0,6482304,2648,2448,0.0013897836324862271,False
LARD_test_synth_LICJ_25_35_08.jpeg,1124,1124,11628.0,6482304,2648,2448,0.0017938066465256798,False
LARD_test_synth_LICJ_25_35_09.jpeg,1125,1125,7347.0,6482304,2648,2448,0.0011333933120075824,False
LARD_test_synth_LICJ_25_35_10.jpeg,1126,1126,5896.0,6482304,2648,2448,0.0009095531465355528,False
LARD_test_synth_LICJ_25_35_11.jpeg,1127,1127,14820.0,6482304,2648,2448,0.0022862241573366505,False
LARD_test_synth_LICJ_25_35_12.jpeg,1128,1128,8208.0,6482304,2648,2448,0.001266216456371068,False
LARD_test_synth_LICJ_25_35_13.jpeg,1129,1129,17820.0,6482304,2648,2448,0.002749022569752977,False
LARD_test_synth_LICJ_25_35_14.jpeg,1130,1130,9996.0,6482304,2648,2448,0.0015420443101711984,False
LARD_test_synth_LICJ_25_35_15.jpeg,1131,1131,32384.0,6482304,2648,2448,0.0049957545958967675,False
LARD_test_synth_LICJ_25_35_16.jpeg,1132,1132,26832.0,6482304,2648,2448,0.00413926900065162,False
LARD_test_synth_LICJ_25_35_17.jpeg,1133,1133,23472.0,6482304,2648,2448,0.003620934778745335,False
LARD_test_synth_LICJ_25_35_18.jpeg,1134,1134,15104.0,6482304,2648,2448,0.0023300357403787295,False
LARD_test_synth_LICJ_25_35_19.jpeg,1135,1135,14036.0,6482304,2648,2448,0.0021652795055585173,False
LARD_test_synth_LICJ_25_35_20.jpeg,1136,1136,35045.0,6482304,2648,2448,0.005406256787710049,False
LARD_test_synth_LICJ_25_35_21.jpeg,1137,1137,43632.0,6482304,2648,2448,0.006730940110183046,False
LARD_test_synth_LICJ_25_35_22.jpeg,1138,1138,39501.0,6482304,2648,2448,0.006093666696285765,False
LARD_test_synth_LICJ_25_35_23.jpeg,1139,1139,38540.0,6482304,2648,2448,0.005945416938175068,False
LARD_test_synth_LICJ_25_35_24.jpeg,1140,1140,88236.0,6482304,2648,2448,0.013611826905988982,False
LARD_test_synth_LICJ_25_35_25.jpeg,1141,1141,75852.0,6482304,2648,2448,0.011701395059534388,False
LARD_test_synth_LICJ_25_35_26.jpeg,1142,1142,60573.0,6482304,2648,2448,0.009344362745098039,False
LARD_test_synth_LICJ_25_35_27.jpeg,1143,1143,99066.0,6482304,2648,2448,0.015282529174811918,False
LARD_test_synth_LICJ_25_35_28.jpeg,1144,1144,212833.0,6482304,2648,2448,0.03283292483660131,False
LARD_test_synth_LICJ_25_35_29.jpeg,1145,1145,289509.0,6482304,2648,2448,0.044661435193412716,False
LARD_test_synth_LIRN_24_35_00.jpeg,1146,1146,2688.0,6482304,2648,2448,0.00041466737752502813,False
LARD_test_synth_LIRN_24_35_01.jpeg,1147,1147,2376.0,6482304,2648,2448,0.00036653634263373024,False
LARD_test_synth_LIRN_24_35_02.jpeg,1148,1148,5840.0,6482304,2648,2448,0.0009009142428371147,False
LARD_test_synth_LIRN_24_35_03.jpeg,1149,1149,4800.0,6482304,2648,2448,0.0007404774598661217,False
LARD_test_synth_LIRN_24_35_04.jpeg,1150,1150,3822.0,6482304,2648,2448,0.0005896051774183994,False
LARD_test_synth_LIRN_24_35_05.jpeg,1151,1151,3901.0,6482304,2648,2448,0.0006017922022786959,False
LARD_test_synth_LIRN_24_35_06.jpeg,1152,1152,5208.0,6482304,2648,2448,0.000803418043954742,False
LARD_test_synth_LIRN_24_35_07.jpeg,1153,1153,5243.0,6482304,2648,2448,0.0008088173587662658,False
LARD_test_synth_LIRN_24_35_08.jpeg,1154,1154,9215.0,6482304,2648,2448,0.0014215624568054816,False
LARD_test_synth_LIRN_24_35_09.jpeg,1155,1155,5225.0,6482304,2648,2448,0.0008060405682917679,False
LARD_test_synth_LIRN_24_35_10.jpeg,1156,1156,10600.0,6482304,2648,2448,0.001635221057204352,False
LARD_test_synth_LIRN_24_35_11.jpeg,1157,1157,14076.0,6482304,2648,2448,0.002171450151057402,False
LARD_test_synth_LIRN_24_35_12.jpeg,1158,1158,7659.0,6482304,2648,2448,0.0011815243468988805,False
LARD_test_synth_LIRN_24_35_13.jpeg,1159,1159,10416.0,6482304,2648,2448,0.001606836087909484,False
LARD_test_synth_LIRN_24_35_14.jpeg,1160,1160,10296.0,6482304,2648,2448,0.001588324151412831,False
LARD_test_synth_LIRN_24_35_15.jpeg,1161,1161,11782.0,6482304,2648,2448,0.0018175636316963846,False
LARD_test_synth_LIRN_24_35_16.jpeg,1162,1162,9213.0,6482304,2648,2448,0.0014212539245305373,False
LARD_test_synth_LIRN_24_35_17.jpeg,1163,1163,12240.0,6482304,2648,2448,0.0018882175226586104,False
LARD_test_synth_LIRN_24_35_18.jpeg,1164,1164,15660.0,6482304,2648,2448,0.002415807712813222,False
LARD_test_synth_LIRN_24_35_19.jpeg,1165,1165,20580.0,6482304,2648,2448,0.003174797109175997,False
LARD_test_synth_LIRN_24_35_20.jpeg,1166,1166,19500.0,6482304,2648,2448,0.003008189680706119,False
LARD_test_synth_LIRN_24_35_21.jpeg,1167,1167,21780.0,6482304,2648,2448,0.003359916474142527,False
LARD_test_synth_LIRN_24_35_23.jpeg,1168,1168,28495.0,6482304,2648,2448,0.004395813587267737,False
LARD_test_synth_LIRN_24_35_24.jpeg,1169,1169,53530.0,6482304,2648,2448,0.008257866338881977,False
LARD_test_synth_LIRN_24_35_25.jpeg,1170,1170,78440.0,6482304,2648,2448,0.012100635823312205,False
LARD_test_synth_LIRN_24_35_26.jpeg,1171,1171,111320.0,6482304,2648,2448,0.01717290642339514,False
LARD_test_synth_LIRN_24_35_27.jpeg,1172,1172,138928.0,6482304,2648,2448,0.021431885946725116,False
LARD_test_synth_LIRN_24_35_28.jpeg,1173,1173,102304.0,6482304,2648,2448,0.015782042927946608,False
LARD_test_synth_LIRN_24_35_29.jpeg,1174,1174,134865.0,6482304,2648,2448,0.020805102630175938,False
LARD_test_synth_LOWL_26_35_00.jpeg,1175,1175,8645.0,6482304,2648,2448,0.0013336307584463796,False
LARD_test_synth_LOWL_26_35_01.jpeg,1176,1176,4484.0,6482304,2648,2448,0.0006917293604249353,False
LARD_test_synth_LOWL_26_35_02.jpeg,1177,1177,5580.0,6482304,2648,2448,0.0008608050470943665,False
LARD_test_synth_LOWL_26_35_03.jpeg,1178,1178,4136.0,6482304,2648,2448,0.0006380447445846415,False
LARD_test_synth_LOWL_26_35_04.jpeg,1179,1179,5893.0,6482304,2648,2448,0.0009090903481231364,False
LARD_test_synth_LOWL_26_35_05.jpeg,1180,1180,8633.0,6482304,2648,2448,0.0013317795647967143,False
LARD_test_synth_LOWL_26_35_06.jpeg,1181,1181,3248.0,6482304,2648,2448,0.000501056414509409,False
LARD_test_synth_LOWL_26_35_07.jpeg,1182,1182,6612.0,6482304,2648,2448,0.0010200077009655825,False
LARD_test_synth_LOWL_26_35_08.jpeg,1183,1183,7055.0,6482304,2648,2448,0.0010883475998657267,False
LARD_test_synth_LOWL_26_35_09.jpeg,1184,1184,4002.0,6482304,2648,2448,0.0006173730821633789,False
LARD_test_synth_LOWL_26_35_10.jpeg,1185,1185,18573.0,6482304,2648,2448,0.0028651849712694744,False
LARD_test_synth_LOWL_26_35_11.jpeg,1186,1186,7055.0,6482304,2648,2448,0.0010883475998657267,False
LARD_test_synth_LOWL_26_35_12.jpeg,1187,1187,15015.0,6482304,2648,2448,0.002316306054143712,False
LARD_test_synth_LOWL_26_35_13.jpeg,1188,1188,9310.0,6482304,2648,2448,0.0014362177398653318,False
LARD_test_synth_LOWL_26_35_14.jpeg,1189,1189,8856.0,6482304,2648,2448,0.0013661809134529945,False
LARD_test_synth_LOWL_26_35_15.jpeg,1190,1190,12300.0,6482304,2648,2448,0.0018974734909069368,False
LARD_test_synth_LOWL_26_35_16.jpeg,1191,1191,20570.0,6482304,2648,2448,0.0031732544478012756,False
LARD_test_synth_LOWL_26_35_17.jpeg,1192,1192,22692.0,6482304,2648,2448,0.00350060719151709,False
LARD_test_synth_LOWL_26_35_18.jpeg,1193,1193,22594.0,6482304,2648,2448,0.0034854891100448235,False
LARD_test_synth_LOWL_26_35_19.jpeg,1194,1194,50700.0,6482304,2648,2448,0.007821293169835911,False
LARD_test_synth_LOWL_26_35_20.jpeg,1195,1195,49062.0,6482304,2648,2448,0.007568605236656596,False
LARD_test_synth_LOWL_26_35_21.jpeg,1196,1196,51884.0,6482304,2648,2448,0.008003944276602887,False
LARD_test_synth_LOWL_26_35_22.jpeg,1197,1197,55539.0,6482304,2648,2448,0.008567787009063445,False
LARD_test_synth_LOWL_26_35_23.jpeg,1198,1198,48818.0,6482304,2648,2448,0.007530964299113402,False
LARD_test_synth_LOWL_26_35_24.jpeg,1199,1199,80568.0,6482304,2648,2448,0.012428914163852852,False
LARD_test_synth_LOWL_26_35_25.jpeg,1200,1200,383873.0,6482304,2648,2448,0.059218604989830774,False
LARD_test_synth_LOWL_8_35_00.jpeg,1201,1201,3243.0,6482304,2648,2448,0.0005002850838220484,False
LARD_test_synth_LOWL_8_35_01.jpeg,1202,1202,3312.0,6482304,2648,2448,0.0005109294473076239,False
LARD_test_synth_LOWL_8_35_02.jpeg,1203,1203,2622.0,6482304,2648,2448,0.00040448581245186897,False
LARD_test_synth_LOWL_8_35_03.jpeg,1204,1204,4130.0,6482304,2648,2448,0.0006371191477598088,False
LARD_test_synth_LOWL_8_35_04.jpeg,1205,1205,3705.0,6482304,2648,2448,0.0005715560393341626,False
LARD_test_synth_LOWL_8_35_05.jpeg,1206,1206,3200.0,6482304,2648,2448,0.0004936516399107478,False
LARD_test_synth_LOWL_8_35_06.jpeg,1207,1207,5568.0,6482304,2648,2448,0.0008589538534447012,False
LARD_test_synth_LOWL_8_35_07.jpeg,1208,1208,3021.0,6482304,2648,2448,0.00046603800130324034,False
LARD_test_synth_LOWL_8_35_08.jpeg,1209,1209,8732.0,6482304,2648,2448,0.001347051912406453,False
LARD_test_synth_LOWL_8_35_09.jpeg,1210,1210,5850.0,6482304,2648,2448,0.0009024569042118358,False
LARD_test_synth_LOWL_8_35_10.jpeg,1211,1211,10672.0,6482304,2648,2448,0.0016463282191023438,False
LARD_test_synth_LOWL_8_35_11.jpeg,1212,1212,7455.0,6482304,2648,2448,0.0011500540548545703,False
LARD_test_synth_LOWL_8_35_12.jpeg,1213,1213,18537.0,6482304,2648,2448,0.0028596313903204787,False
LARD_test_synth_LOWL_8_35_13.jpeg,1214,1214,13020.0,6482304,2648,2448,0.002008545109886855,False
LARD_test_synth_LOWL_8_35_14.jpeg,1215,1215,9090.0,6482304,2648,2448,0.0014022791896214678,False
LARD_test_synth_LOWL_8_35_15.jpeg,1216,1216,11970.0,6482304,2648,2448,0.001846565665541141,False
LARD_test_synth_LOWL_8_35_16.jpeg,1217,1217,13200.0,6482304,2648,2448,0.0020363130146318345,False
LARD_test_synth_LOWL_8_35_17.jpeg,1218,1218,21009.0,6482304,2648,2448,0.0032409772821515312,False
LARD_test_synth_LOWL_8_35_18.jpeg,1219,1219,16352.0,6482304,2648,2448,0.0025225598799439213,False
LARD_test_synth_LOWL_8_35_19.jpeg,1220,1220,27360.0,6482304,2648,2448,0.004220721521236893,False
LARD_test_synth_LOWL_8_35_20.jpeg,1221,1221,30530.0,6482304,2648,2448,0.004709745177023478,False
LARD_test_synth_LOWL_8_35_21.jpeg,1222,1222,72705.0,6482304,2648,2448,0.011215919524909662,False
LARD_test_synth_LOWL_8_35_22.jpeg,1223,1223,47861.0,6482304,2648,2448,0.007383331605552593,False
LARD_test_synth_LOWL_8_35_23.jpeg,1224,1224,34336.0,6482304,2648,2448,0.005296882096242323,False
LARD_test_synth_LOWL_8_35_24.jpeg,1225,1225,75648.0,6482304,2648,2448,0.011669924767490078,False
LARD_test_synth_LOWL_8_35_25.jpeg,1226,1226,110271.0,6482304,2648,2448,0.017011081245186896,False
LARD_test_synth_LOWL_8_35_26.jpeg,1227,1227,687740.0,6482304,2648,2448,0.10609499338506803,False
LARD_test_synth_LOWL_8_35_27.jpeg,1228,1228,1129898.0,6482304,2648,2448,0.17430500019746065,False
LARD_test_synth_LSZH_34_35_00.jpeg,1229,1229,4488.0,6482304,2648,2448,0.0006923464249748238,False
LARD_test_synth_LSZH_34_35_01.jpeg,1230,1230,5192.0,6482304,2648,2448,0.0008009497857551883,False
LARD_test_synth_LSZH_34_35_02.jpeg,1231,1231,17170.0,6482304,2648,2448,0.002648749580396106,False
LARD_test_synth_LSZH_34_35_03.jpeg,1232,1232,8633.0,6482304,2648,2448,0.0013317795647967143,False
LARD_test_synth_LSZH_34_35_04.jpeg,1233,1233,10640.0,6482304,2648,2448,0.0016413917027032364,False
LARD_test_synth_LSZH_34_35_05.jpeg,1234,1234,4674.0,6482304,2648,2448,0.000721039926544636,False
LARD_test_synth_LSZH_34_35_06.jpeg,1235,1235,11929.0,6482304,2648,2448,0.0018402407539047845,False
LARD_test_synth_LSZH_34_35_07.jpeg,1236,1236,6400.0,6482304,2648,2448,0.0009873032798214955,False
LARD_test_synth_LSZH_34_35_08.jpeg,1237,1237,5734.0,6482304,2648,2448,0.0008845620322650712,False
LARD_test_synth_LSZH_34_35_09.jpeg,1238,1238,4212.0,6482304,2648,2448,0.0006497689710325218,False
LARD_test_synth_LSZH_34_35_10.jpeg,1239,1239,5724.0,6482304,2648,2448,0.0008830193708903501,False
LARD_test_synth_LSZH_34_35_11.jpeg,1240,1240,7100.0,6482304,2648,2448,0.0010952895760519717,False
LARD_test_synth_LSZH_34_35_12.jpeg,1241,1241,11328.0,6482304,2648,2448,0.0017475268052840472,False
LARD_test_synth_LSZH_34_35_13.jpeg,1242,1242,9797.0,6482304,2648,2448,0.0015113453488142488,False
LARD_test_synth_LSZH_34_35_14.jpeg,1243,1243,13816.0,6482304,2648,2448,0.0021313409553146536,False
LARD_test_synth_LSZH_34_35_15.jpeg,1244,1244,6363.0,6482304,2648,2448,0.0009815954327350275,False
LARD_test_synth_LSZH_34_35_16.jpeg,1245,1245,6848.0,6482304,2648,2448,0.0010564145094090003,False
LARD_test_synth_LSZH_34_35_17.jpeg,1246,1246,19575.0,6482304,2648,2448,0.0030197596410165275,False
LARD_test_synth_LSZH_34_35_18.jpeg,1247,1247,9282.0,6482304,2648,2448,0.0014318982880161127,False
LARD_test_synth_LSZH_34_35_19.jpeg,1248,1248,21018.0,6482304,2648,2448,0.00324236567738878,False
LARD_test_synth_LSZH_34_35_20.jpeg,1249,1249,17685.0,6482304,2648,2448,0.0027281966411942422,False
LARD_test_synth_LSZH_34_35_21.jpeg,1250,1250,18034.0,6482304,2648,2448,0.002782035523172008,False
LARD_test_synth_LSZH_34_35_22.jpeg,1251,1251,50694.0,6482304,2648,2448,0.007820367573011078,False
LARD_test_synth_LSZH_34_35_23.jpeg,1252,1252,55385.0,6482304,2648,2448,0.00854403002389274,False
LARD_test_synth_LSZH_34_35_24.jpeg,1253,1253,59078.0,6482304,2648,2448,0.009113734869577237,False
LARD_test_synth_LSZH_34_35_25.jpeg,1254,1254,126936.0,6482304,2648,2448,0.019581926426159586,False
LARD_test_synth_LSZH_34_35_26.jpeg,1255,1255,340500.0,6482304,2648,2448,0.05252761980925301,False
LARD_test_synth_LSZH_34_35_27.jpeg,1256,1256,469660.0,6482304,2648,2448,0.07245263412515056,False
LARD_test_synth_LSZH_34_35_28.jpeg,1257,1257,793200.0,6482304,2648,2448,0.1223639002428766,False
LARD_test_synth_LSZH_34_35_29.jpeg,1258,1258,773670.0,6482304,2648,2448,0.11935108257804633,False
LARD_test_synth_LTAI_18L_35_00.jpeg,1259,1259,6901.0,6482304,2648,2448,0.0010645906146950221,False
LARD_test_synth_LTAI_18L_35_01.jpeg,1260,1260,7250.0,6482304,2648,2448,0.001118429496672788,False
LARD_test_synth_LTAI_18L_35_02.jpeg,1261,1261,7038.0,6482304,2648,2448,0.001085725075528701,False
LARD_test_synth_LTAI_18L_35_03.jpeg,1262,1262,4212.0,6482304,2648,2448,0.0006497689710325218,False
LARD_test_synth_LTAI_18L_35_04.jpeg,1263,1263,5301.0,6482304,2648,2448,0.0008177647947396481,False
LARD_test_synth_LTAI_18L_35_05.jpeg,1264,1264,6424.0,6482304,2648,2448,0.0009910056671208261,False
LARD_test_synth_LTAI_18L_35_06.jpeg,1265,1265,2829.0,6482304,2648,2448,0.0004364189029085955,False
LARD_test_synth_LTAI_18L_35_07.jpeg,1266,1266,6678.0,6482304,2648,2448,0.0010301892660387417,False
LARD_test_synth_LTAI_18L_35_08.jpeg,1267,1267,9999.0,6482304,2648,2448,0.0015425071085836148,False
LARD_test_synth_LTAI_18L_35_09.jpeg,1268,1268,6496.0,6482304,2648,2448,0.001002112829018818,False
LARD_test_synth_LTAI_18L_35_10.jpeg,1269,1269,5974.0,6482304,2648,2448,0.0009215859052583773,False
LARD_test_synth_LTAI_18L_35_11.jpeg,1270,1270,18055.0,6482304,2648,2448,0.0027852751120589223,False
LARD_test_synth_LTAI_18L_35_12.jpeg,1271,1271,7371.0,6482304,2648,2448,0.001137095699306913,False
LARD_test_synth_LTAI_18L_35_13.jpeg,1272,1272,8030.0,6482304,2648,2448,0.0012387570839010327,False
LARD_test_synth_LTAI_18L_35_14.jpeg,1273,1273,15768.0,6482304,2648,2448,0.0024324684556602098,False
LARD_test_synth_LTAI_18L_35_15.jpeg,1274,1274,17936.0,6482304,2648,2448,0.0027669174416997413,False
LARD_test_synth_LTAI_18L_35_16.jpeg,1275,1275,9960.0,6482304,2648,2448,0.0015364907292222025,False
LARD_test_synth_LTAI_18L_35_17.jpeg,1276,1276,13260.0,6482304,2648,2448,0.002045568982880161,False
LARD_test_synth_LTAI_18L_35_18.jpeg,1277,1277,26164.0,6482304,2648,2448,0.004036219220820252,False
LARD_test_synth_LTAI_18L_35_19.jpeg,1278,1278,23322.0,6482304,2648,2448,0.0035977948581245186,False
LARD_test_synth_LTAI_18L_35_20.jpeg,1279,1279,42120.0,6482304,2648,2448,0.006497689710325218,False
LARD_test_synth_LTAI_18L_35_21.jpeg,1280,1280,45126.0,6482304,2648,2448,0.006961413719566377,False
LARD_test_synth_LTAI_18L_35_22.jpeg,1281,1281,81765.0,6482304,2648,2448,0.012613570730406967,False
LARD_test_synth_LTAI_18L_35_23.jpeg,1282,1282,237552.0,6482304,2648,2448,0.036646229488774364,False
LARD_test_synth_LTAI_18L_35_24.jpeg,1283,1283,231322.0,6482304,2648,2448,0.03568515145232312,False
LARD_test_synth_LTAI_36R_35_08.jpeg,1284,1284,7560.0,6482304,2648,2448,0.0011662519992891415,False
LARD_test_synth_LTAI_36R_35_09.jpeg,1285,1285,16626.0,6482304,2648,2448,0.002564828801611279,False
LARD_test_synth_LTAI_36R_35_10.jpeg,1286,1286,25146.0,6482304,2648,2448,0.003879176292873645,False
LARD_test_synth_LTAI_36R_35_11.jpeg,1287,1287,6272.0,6482304,2648,2448,0.0009675572142250656,False
LARD_test_synth_LTAI_36R_35_12.jpeg,1288,1288,11088.0,6482304,2648,2448,0.0017105029322907412,False
LARD_test_synth_LTAI_36R_35_13.jpeg,1289,1289,9102.0,6482304,2648,2448,0.0014041303832711333,False
LARD_test_synth_LTAI_36R_35_14.jpeg,1290,1290,21060.0,6482304,2648,2448,0.003248844855162609,False
LARD_test_synth_LTAI_36R_35_15.jpeg,1291,1291,9638.0,6482304,2648,2448,0.0014868170329561834,False
LARD_test_synth_LTAI_36R_35_16.jpeg,1292,1292,10557.0,6482304,2648,2448,0.0016285876132930515,False
LARD_test_synth_LTAI_36R_35_17.jpeg,1293,1293,18088.0,6482304,2648,2448,0.002790365894595502,False
LARD_test_synth_LTAI_36R_35_18.jpeg,1294,1294,28665.0,6482304,2648,2448,0.0044220388306379955,False
LARD_test_synth_LTAI_36R_35_19.jpeg,1295,1295,22572.0,6482304,2648,2448,0.003482095255020437,False
LARD_test_synth_LTAI_36R_35_20.jpeg,1296,1296,22211.0,6482304,2648,2448,0.003426405179393006,False
LARD_test_synth_LTAI_36R_35_21.jpeg,1297,1297,31310.0,6482304,2648,2448,0.004830072764251723,False
LARD_test_synth_LTAI_36R_35_22.jpeg,1298,1298,32595.0,6482304,2648,2448,0.005028304750903383,False
LARD_test_synth_LTAI_36R_35_23.jpeg,1299,1299,60480.0,6482304,2648,2448,0.009330015994313132,False
LARD_test_synth_LTAI_36R_35_24.jpeg,1300,1300,49464.0,6482304,2648,2448,0.007630620223920384,False
LARD_test_synth_LTAI_36R_35_25.jpeg,1301,1301,132300.0,6482304,2648,2448,0.020409409987559978,False
LARD_test_synth_LTAI_36R_35_26.jpeg,1302,1302,145664.0,6482304,2648,2448,0.022471022648737238,False
LARD_test_synth_LTAI_36R_35_27.jpeg,1303,1303,114750.0,6482304,2648,2448,0.01770203927492447,False
LARD_test_synth_LTAI_36R_35_28.jpeg,1304,1304,151872.0,6482304,2648,2448,0.02342870683016409,False
LARD_test_synth_LTAI_36R_35_29.jpeg,1305,1305,243000.0,6482304,2648,2448,0.03748667140572241,False
LARD_test_synth_LWSK_16_35_00.jpeg,1306,1306,4290.0,6482304,2648,2448,0.0006618017297553463,False
LARD_test_synth_LWSK_16_35_01.jpeg,1307,1307,7965.0,6482304,2648,2448,0.0012287297849653456,False
LARD_test_synth_LWSK_16_35_02.jpeg,1308,1308,2968.0,6482304,2648,2448,0.0004578618960172186,False
LARD_test_synth_LWSK_16_35_03.jpeg,1309,1309,4608.0,6482304,2648,2448,0.0007108583614714769,False
LARD_test_synth_LWSK_16_35_04.jpeg,1310,1310,3102.0,6482304,2648,2448,0.0004785335584384811,False
LARD_test_synth_LWSK_16_35_05.jpeg,1311,1311,4466.0,6482304,2648,2448,0.0006889525699504374,False
LARD_test_synth_LWSK_16_35_06.jpeg,1312,1312,4446.0,6482304,2648,2448,0.0006858672472009952,False
LARD_test_synth_LWSK_16_35_07.jpeg,1313,1313,10700.0,6482304,2648,2448,0.0016506476709515629,False
LARD_test_synth_LWSK_16_35_08.jpeg,1314,1314,9765.0,6482304,2648,2448,0.0015064088324151413,False
LARD_test_synth_LWSK_16_35_09.jpeg,1315,1315,5130.0,6482304,2648,2448,0.0007913852852319175,False
LARD_test_synth_LWSK_16_35_10.jpeg,1316,1316,6825.0,6482304,2648,2448,0.0010528663882471419,False
LARD_test_synth_LWSK_16_35_11.jpeg,1317,1317,6900.0,6482304,2648,2448,0.00106443634855755,False
LARD_test_synth_LWSK_16_35_12.jpeg,1318,1318,9690.0,6482304,2648,2448,0.0014948388721047331,False
LARD_test_synth_LWSK_16_35_13.jpeg,1319,1319,8455.0,6482304,2648,2448,0.001304320192326679,False
LARD_test_synth_LWSK_16_35_14.jpeg,1320,1320,8190.0,6482304,2648,2448,0.0012634396658965702,False
LARD_test_synth_LWSK_16_35_15.jpeg,1321,1321,19656.0,6482304,2648,2448,0.003032255198151768,False
LARD_test_synth_LWSK_16_35_16.jpeg,1322,1322,10430.0,6482304,2648,2448,0.0016089958138340936,False
LARD_test_synth_LWSK_16_35_17.jpeg,1323,1323,11640.0,6482304,2648,2448,0.001795657840175345,False
LARD_test_synth_LWSK_16_35_18.jpeg,1324,1324,10580.0,6482304,2648,2448,0.00163213573445491,False
LARD_test_synth_LWSK_16_35_19.jpeg,1325,1325,17097.0,6482304,2648,2448,0.0026374881523606422,False
LARD_test_synth_LWSK_16_35_20.jpeg,1326,1326,24278.0,6482304,2648,2448,0.0037452732855478544,False
LARD_test_synth_LWSK_16_35_21.jpeg,1327,1327,31374.0,6482304,2648,2448,0.004839945797049938,False
LARD_test_synth_LWSK_16_35_22.jpeg,1328,1328,14763.0,6482304,2648,2448,0.0022774309875007405,False
LARD_test_synth_LWSK_16_35_23.jpeg,1329,1329,48618.0,6482304,2648,2448,0.00750011107161898,False
LARD_test_synth_LWSK_16_35_24.jpeg,1330,1330,38356.0,6482304,2648,2448,0.005917031968880201,False
LARD_test_synth_LWSK_16_35_25.jpeg,1331,1331,28640.0,6482304,2648,2448,0.004418182177201193,False
LARD_test_synth_LWSK_16_35_26.jpeg,1332,1332,33673.0,6482304,2648,2448,0.005194603647098316,False
LARD_test_synth_LWSK_16_35_27.jpeg,1333,1333,58930.0,6482304,2648,2448,0.009090903481231365,False
LARD_test_synth_LWSK_16_35_28.jpeg,1334,1334,52185.0,6482304,2648,2448,0.008050378383981992,False
LARD_test_synth_LWSK_16_35_29.jpeg,1335,1335,71568.0,6482304,2648,2448,0.011040518926603874,False
LARD_test_synth_LWSK_16_35_30.jpeg,1336,1336,97730.0,6482304,2648,2448,0.015076429615149182,False
LARD_test_synth_MDSD_17_35_00.jpeg,1337,1337,4500.0,6482304,2648,2448,0.0006941976186244891,False
LARD_test_synth_MDSD_17_35_01.jpeg,1338,1338,6448.0,6482304,2648,2448,0.0009947080544201567,False
LARD_test_synth_MDSD_17_35_02.jpeg,1339,1339,3910.0,6482304,2648,2448,0.000603180597515945,False
LARD_test_synth_MDSD_17_35_03.jpeg,1340,1340,4050.0,6482304,2648,2448,0.0006247778567620402,False
LARD_test_synth_MDSD_17_35_04.jpeg,1341,1341,5858.0,6482304,2648,2448,0.0009036910333116127,False
LARD_test_synth_MDSD_17_35_05.jpeg,1342,1342,4928.0,6482304,2648,2448,0.0007602235254625516,False
LARD_test_synth_MDSD_17_35_06.jpeg,1343,1343,5248.0,6482304,2648,2448,0.0008095886894536263,False
LARD_test_synth_MDSD_17_35_07.jpeg,1344,1344,12144.0,6482304,2648,2448,0.0018734079734612878,False
LARD_test_synth_MDSD_17_35_08.jpeg,1345,1345,11780.0,6482304,2648,2448,0.0018172550994214403,False
LARD_test_synth_MDSD_17_35_09.jpeg,1346,1346,13530.0,6482304,2648,2448,0.0020872208399976304,False
LARD_test_synth_MDSD_17_35_10.jpeg,1347,1347,8064.0,6482304,2648,2448,0.0012440021325750845,False
LARD_test_synth_MDSD_17_35_11.jpeg,1348,1348,7344.0,6482304,2648,2448,0.0011329305135951663,False
LARD_test_synth_MDSD_17_35_12.jpeg,1349,1349,10395.0,6482304,2648,2448,0.0016035964990225697,False
LARD_test_synth_MDSD_17_35_13.jpeg,1350,1350,10640.0,6482304,2648,2448,0.0016413917027032364,False
LARD_test_synth_MDSD_17_35_14.jpeg,1351,1351,13098.0,6482304,2648,2448,0.0020205778686096794,False
LARD_test_synth_MDSD_17_35_15.jpeg,1352,1352,11224.0,6482304,2648,2448,0.0017314831269869479,False
LARD_test_synth_MDSD_17_35_16.jpeg,1353,1353,9090.0,6482304,2648,2448,0.0014022791896214678,False
LARD_test_synth_MDSD_17_35_17.jpeg,1354,1354,10902.0,6482304,2648,2448,0.0016818094307209288,False
LARD_test_synth_MDSD_17_35_18.jpeg,1355,1355,15370.0,6482304,2648,2448,0.0023710705329463106,False
LARD_test_synth_MDSD_17_35_19.jpeg,1356,1356,39235.0,6482304,2648,2448,0.006052631903718184,False
LARD_test_synth_MDSD_17_35_20.jpeg,1357,1357,18705.0,6482304,2648,2448,0.002885548101415793,False
LARD_test_synth_MDSD_17_35_21.jpeg,1358,1358,24531.0,6482304,2648,2448,0.003784302618328298,False
LARD_test_synth_MDSD_17_35_22.jpeg,1359,1359,23856.0,6482304,2648,2448,0.0036801729755346247,False
LARD_test_synth_MDSD_17_35_23.jpeg,1360,1360,40672.0,6482304,2648,2448,0.006274312343265604,False
LARD_test_synth_MDSD_17_35_24.jpeg,1361,1361,30012.0,6482304,2648,2448,0.004629835317812926,False
LARD_test_synth_MDSD_17_35_25.jpeg,1362,1362,34560.0,6482304,2648,2448,0.005331437711036076,False
LARD_test_synth_MDSD_17_35_26.jpeg,1363,1363,37312.0,6482304,2648,2448,0.005755978121359319,False
LARD_test_synth_MDSD_17_35_27.jpeg,1364,1364,71383.0,6482304,2648,2448,0.011011979691171535,False
LARD_test_synth_MDSD_17_35_28.jpeg,1365,1365,123186.0,6482304,2648,2448,0.01900342841063918,False
LARD_test_synth_MDSD_17_35_29.jpeg,1366,1366,182115.0,6482304,2648,2448,0.02809417762573307,False
LARD_test_synth_MDSD_35_35_00.jpeg,1367,1367,4332.0,6482304,2648,2448,0.0006682809075291748,False
LARD_test_synth_MDSD_35_35_01.jpeg,1368,1368,11340.0,6482304,2648,2448,0.0017493779989337125,False
LARD_test_synth_MDSD_35_35_02.jpeg,1369,1369,4588.0,6482304,2648,2448,0.0007077730387220347,False
LARD_test_synth_MDSD_35_35_03.jpeg,1370,1370,6256.0,6482304,2648,2448,0.0009650889560255119,False
LARD_test_synth_MDSD_35_35_04.jpeg,1371,1371,9603.0,6482304,2648,2448,0.0014814177181446597,False
LARD_test_synth_MDSD_35_35_05.jpeg,1372,1372,3220.0,6482304,2648,2448,0.00049673696266019,False
LARD_test_synth_MDSD_35_35_06.jpeg,1373,1373,5580.0,6482304,2648,2448,0.0008608050470943665,False
LARD_test_synth_MDSD_35_35_07.jpeg,1374,1374,11388.0,6482304,2648,2448,0.0017567827735323737,False
LARD_test_synth_MDSD_35_35_08.jpeg,1375,1375,6030.0,6482304,2648,2448,0.0009302248089568154,False
LARD_test_synth_MDSD_35_35_09.jpeg,1376,1376,6240.0,6482304,2648,2448,0.0009626206978259582,False
LARD_test_synth_MDSD_35_35_10.jpeg,1377,1377,9042.0,6482304,2648,2448,0.0013948744150228066,False
LARD_test_synth_MDSD_35_35_11.jpeg,1378,1378,20748.0,6482304,2648,2448,0.003200713820271311,False
LARD_test_synth_MDSD_35_35_12.jpeg,1379,1379,11286.0,6482304,2648,2448,0.0017410476275102186,False
LARD_test_synth_MDSD_35_35_13.jpeg,1380,1380,5590.0,6482304,2648,2448,0.0008623477084690875,False
LARD_test_synth_MDSD_35_35_14.jpeg,1381,1381,10355.0,6482304,2648,2448,0.0015974258535236855,False
LARD_test_synth_MDSD_35_35_15.jpeg,1382,1382,16100.0,6482304,2648,2448,0.00248368481330095,False
LARD_test_synth_MDSD_35_35_16.jpeg,1383,1383,17596.0,6482304,2648,2448,0.0027144669549592246,False
LARD_test_synth_MDSD_35_35_17.jpeg,1384,1384,9384.0,6482304,2648,2448,0.0014476334340382678,False
LARD_test_synth_MDSD_35_35_18.jpeg,1385,1385,31472.0,6482304,2648,2448,0.004855063878522204,False
LARD_test_synth_MDSD_35_35_19.jpeg,1386,1386,25311.0,6482304,2648,2448,0.003904630205556543,False
LARD_test_synth_MDSD_35_35_20.jpeg,1387,1387,39816.0,6482304,2648,2448,0.006142260529589479,False
LARD_test_synth_MDSD_35_35_21.jpeg,1388,1388,22440.0,6482304,2648,2448,0.0034617321248741188,False
LARD_test_synth_MDSD_35_35_22.jpeg,1389,1389,31416.0,6482304,2648,2448,0.004846424974823766,False
LARD_test_synth_MDSD_35_35_23.jpeg,1390,1390,53815.0,6482304,2648,2448,0.008301832188061528,False
LARD_test_synth_MDSD_35_35_24.jpeg,1391,1391,56154.0,6482304,2648,2448,0.00866266068360879,False
LARD_test_synth_MDSD_35_35_25.jpeg,1392,1392,42108.0,6482304,2648,2448,0.0064958385166755525,False
LARD_test_synth_MDSD_35_35_26.jpeg,1393,1393,278080.0,6482304,2648,2448,0.04289832750824398,False
LARD_test_synth_MDSD_35_35_27.jpeg,1394,1394,295182.0,6482304,2648,2448,0.04553658699129198,False
LARD_test_synth_MDSD_35_35_28.jpeg,1395,1395,273136.0,6482304,2648,2448,0.04213563572458188,False
LARD_test_synth_OMAD_13_35_00.jpeg,1396,1396,1938.0,6482304,2648,2448,0.0002989677744209466,False
LARD_test_synth_OMAD_13_35_01.jpeg,1397,1397,4823.0,6482304,2648,2448,0.0007440255810279802,False
LARD_test_synth_OMAD_13_35_02.jpeg,1398,1398,7161.0,6482304,2648,2448,0.0011046998104377703,False
LARD_test_synth_OMAD_13_35_03.jpeg,1399,1399,3536.0,6482304,2648,2448,0.0005454850621013763,False
LARD_test_synth_OMAD_13_35_04.jpeg,1400,1400,8008.0,6482304,2648,2448,0.0012353632288766463,False
LARD_test_synth_OMAD_13_35_05.jpeg,1401,1401,7656.0,6482304,2648,2448,0.001181061548486464,False
LARD_test_synth_OMAD_13_35_06.jpeg,1402,1402,8284.0,6482304,2648,2448,0.0012779406828189483,False
LARD_test_synth_OMAD_13_35_07.jpeg,1403,1403,10302.0,6482304,2648,2448,0.0015892497482376637,False
LARD_test_synth_OMAD_13_35_08.jpeg,1404,1404,13176.0,6482304,2648,2448,0.002032610627332504,False
LARD_test_synth_OMAD_13_35_09.jpeg,1405,1405,10648.0,6482304,2648,2448,0.0016426258318030132,False
LARD_test_synth_OMAD_13_35_10.jpeg,1406,1406,11232.0,6482304,2648,2448,0.0017327172560867247,False
LARD_test_synth_OMAD_13_35_11.jpeg,1407,1407,8806.0,6482304,2648,2448,0.001358467606579389,False
LARD_test_synth_OMAD_13_35_12.jpeg,1408,1408,10064.0,6482304,2648,2448,0.0015525344075193019,False
LARD_test_synth_OMAD_13_35_13.jpeg,1409,1409,8720.0,6482304,2648,2448,0.0013452007187567878,False
LARD_test_synth_OMAD_13_35_14.jpeg,1410,1410,10625.0,6482304,2648,2448,0.0016390777106411547,False
LARD_test_synth_OMAD_13_35_15.jpeg,1411,1411,15244.0,6482304,2648,2448,0.002351632999624825,False
LARD_test_synth_OMAD_13_35_16.jpeg,1412,1412,23876.0,6482304,2648,2448,0.0036832582982840667,False
LARD_test_synth_OMAD_13_35_17.jpeg,1413,1413,39060.0,6482304,2648,2448,0.006025635329660565,False
LARD_test_synth_OMAD_13_35_18.jpeg,1414,1414,32308.0,6482304,2648,2448,0.004984030369448888,False
LARD_test_synth_OMAD_13_35_19.jpeg,1415,1415,59996.0,6482304,2648,2448,0.009255351183776633,False
LARD_test_synth_OMAD_13_35_20.jpeg,1416,1416,62100.0,6482304,2648,2448,0.00957992713701795,False
LARD_test_synth_OMAD_13_35_21.jpeg,1417,1417,44928.0,6482304,2648,2448,0.006930869024346899,False
LARD_test_synth_OMAD_13_35_22.jpeg,1418,1418,78064.0,6482304,2648,2448,0.012042631755622693,False
LARD_test_synth_OMAD_13_35_23.jpeg,1419,1419,109641.0,6482304,2648,2448,0.01691389357857947,False
LARD_test_synth_OMAD_13_35_24.jpeg,1420,1420,80988.0,6482304,2648,2448,0.012493705941591137,False
LARD_test_synth_OMAD_13_35_25.jpeg,1421,1421,191842.0,6482304,2648,2448,0.029594724344924273,False
LARD_test_synth_OMAD_13_35_26.jpeg,1422,1422,190568.0,6482304,2648,2448,0.029398189285784807,False
LARD_test_synth_OMAD_31_35_00.jpeg,1423,1423,3760.0,6482304,2648,2448,0.0005800406768951287,False
LARD_test_synth_OMAD_31_35_01.jpeg,1424,1424,8733.0,6482304,2648,2448,0.0013472061785439252,False
LARD_test_synth_OMAD_31_35_02.jpeg,1425,1425,3344.0,6482304,2648,2448,0.0005158659637067314,False
LARD_test_synth_OMAD_31_35_03.jpeg,1426,1426,5846.0,6482304,2648,2448,0.0009018398396619474,False
LARD_test_synth_OMAD_31_35_04.jpeg,1427,1427,3552.0,6482304,2648,2448,0.00054795332030093,False
LARD_test_synth_OMAD_31_35_05.jpeg,1428,1428,13366.0,6482304,2648,2448,0.0020619211934522048,False
LARD_test_synth_OMAD_31_35_06.jpeg,1429,1429,8804.0,6482304,2648,2448,0.0013581590743044448,False
LARD_test_synth_OMAD_31_35_07.jpeg,1430,1430,4743.0,6482304,2648,2448,0.0007316842900302115,False
LARD_test_synth_OMAD_31_35_08.jpeg,1431,1431,2993.0,6482304,2648,2448,0.0004617185494540213,False
LARD_test_synth_OMAD_31_35_09.jpeg,1432,1432,6885.0,6482304,2648,2448,0.0010621223564954683,False
LARD_test_synth_OMAD_31_35_10.jpeg,1433,1433,3477.0,6482304,2648,2448,0.0005363833599905219,False
LARD_test_synth_OMAD_31_35_11.jpeg,1434,1434,5624.0,6482304,2648,2448,0.0008675927571431392,False
LARD_test_synth_OMAD_31_35_12.jpeg,1435,1435,4488.0,6482304,2648,2448,0.0006923464249748238,False
LARD_test_synth_OMAD_31_35_13.jpeg,1436,1436,11346.0,6482304,2648,2448,0.001750303595758545,False
LARD_test_synth_OMAD_31_35_14.jpeg,1437,1437,10296.0,6482304,2648,2448,0.001588324151412831,False
LARD_test_synth_OMAD_31_35_15.jpeg,1438,1438,12376.0,6482304,2648,2448,0.001909197717354817,False
LARD_test_synth_OMAD_31_35_16.jpeg,1439,1439,10032.0,6482304,2648,2448,0.0015475978911201943,False
LARD_test_synth_OMAD_31_35_17.jpeg,1440,1440,11648.0,6482304,2648,2448,0.0017968919692751219,False
LARD_test_synth_OMAD_31_35_18.jpeg,1441,1441,7373.0,6482304,2648,2448,0.0011374042315818573,False
LARD_test_synth_OMAD_31_35_19.jpeg,1442,1442,9525.0,6482304,2648,2448,0.0014693849594218352,False
LARD_test_synth_OMAD_31_35_20.jpeg,1443,1443,17898.0,6482304,2648,2448,0.0027610553284758014,False
LARD_test_synth_OMAD_31_35_21.jpeg,1444,1444,15196.0,6482304,2648,2448,0.0023442282250261634,False
LARD_test_synth_OMAD_31_35_22.jpeg,1445,1445,19929.0,6482304,2648,2448,0.003074369853681654,False
LARD_test_synth_OMAD_31_35_23.jpeg,1446,1446,19305.0,6482304,2648,2448,0.0029781077838990583,False
LARD_test_synth_OMAD_31_35_24.jpeg,1447,1447,16864.0,6482304,2648,2448,0.002601544142329641,False
LARD_test_synth_OMAD_31_35_25.jpeg,1448,1448,19458.0,6482304,2648,2448,0.0030017105029322907,False
LARD_test_synth_OMAD_31_35_26.jpeg,1449,1449,84429.0,6482304,2648,2448,0.013024535720632663,False
LARD_test_synth_OMAD_31_35_27.jpeg,1450,1450,87250.0,6482304,2648,2448,0.013459720494441482,False
LARD_test_synth_OMAD_31_35_28.jpeg,1451,1451,107675.0,6482304,2648,2448,0.016610606352309303,False
LARD_test_synth_OMAD_31_35_29.jpeg,1452,1452,108230.0,6482304,2648,2448,0.016696224058606324,False
LARD_test_synth_OMAD_31_35_30.jpeg,1453,1453,176529.0,6482304,2648,2448,0.027232446981813874,False
LARD_test_synth_OMAD_31_35_31.jpeg,1454,1454,243952.0,6482304,2648,2448,0.03763353276859586,False
LARD_test_synth_OMAD_31_35_32.jpeg,1455,1455,416118.0,6482304,2648,2448,0.06419291659261891,False
LARD_test_synth_RJAA_16L_35_00.jpeg,1456,1456,3216.0,6482304,2648,2448,0.0004961198981103016,False
LARD_test_synth_RJAA_16L_35_01.jpeg,1457,1457,3105.0,6482304,2648,2448,0.00047899635685089744,False
LARD_test_synth_RJAA_16L_35_02.jpeg,1458,1458,4875.0,6482304,2648,2448,0.0007520474201765298,False
LARD_test_synth_RJAA_16L_35_03.jpeg,1459,1459,7392.0,6482304,2648,2448,0.0011403352881938274,False
LARD_test_synth_RJAA_16L_35_04.jpeg,1460,1460,3080.0,6482304,2648,2448,0.00047513970341409473,False
LARD_test_synth_RJAA_16L_35_05.jpeg,1461,1461,3796.0,6482304,2648,2448,0.0005855942578441246,False
LARD_test_synth_RJAA_16L_35_06.jpeg,1462,1462,4366.0,6482304,2648,2448,0.0006735259562032265,False
LARD_test_synth_RJAA_16L_35_07.jpeg,1463,1463,12675.0,6482304,2648,2448,0.0019553232924589777,False
LARD_test_synth_RJAA_16L_35_08.jpeg,1464,1464,6525.0,6482304,2648,2448,0.001006586547005509,False
LARD_test_synth_RJAA_16L_35_09.jpeg,1465,1465,6161.0,6482304,2648,2448,0.0009504336729656616,False
LARD_test_synth_RJAA_16L_35_10.jpeg,1466,1466,12502.0,6482304,2648,2448,0.0019286352506763028,False
LARD_test_synth_RJAA_16L_35_11.jpeg,1467,1467,12400.0,6482304,2648,2448,0.0019129001046541477,False
LARD_test_synth_RJAA_16L_35_12.jpeg,1468,1468,5538.0,6482304,2648,2448,0.0008543258693205379,False
LARD_test_synth_RJAA_16L_35_13.jpeg,1469,1469,6424.0,6482304,2648,2448,0.0009910056671208261,False
LARD_test_synth_RJAA_16L_35_14.jpeg,1470,1470,12240.0,6482304,2648,2448,0.0018882175226586104,False
LARD_test_synth_RJAA_16L_35_15.jpeg,1471,1471,12100.0,6482304,2648,2448,0.0018666202634125151,False
LARD_test_synth_RJAA_16L_35_16.jpeg,1472,1472,8528.0,6482304,2648,2448,0.0013155816203621429,False
LARD_test_synth_RJAA_16L_35_17.jpeg,1473,1473,15750.0,6482304,2648,2448,0.002429691665185712,False
LARD_test_synth_RJAA_16L_35_18.jpeg,1474,1474,10908.0,6482304,2648,2448,0.0016827350275457616,False
LARD_test_synth_RJAA_16L_35_19.jpeg,1475,1475,41912.0,6482304,2648,2448,0.006465602353731019,False
LARD_test_synth_RJAA_16L_35_20.jpeg,1476,1476,10010.0,6482304,2648,2448,0.001544204036095808,False
LARD_test_synth_RJAA_16L_35_21.jpeg,1477,1477,10716.0,6482304,2648,2448,0.0016531159291511166,False
LARD_test_synth_RJAA_16L_35_22.jpeg,1478,1478,13209.0,6482304,2648,2448,0.0020377014098690834,False
LARD_test_synth_RJAA_16L_35_23.jpeg,1479,1479,28956.0,6482304,2648,2448,0.004466930276642379,False
LARD_test_synth_RJAA_16L_35_24.jpeg,1480,1480,29987.0,6482304,2648,2448,0.004625978664376123,False
LARD_test_synth_RJAA_16L_35_25.jpeg,1481,1481,35335.0,6482304,2648,2448,0.00545099396757696,False
LARD_test_synth_RJAA_16L_35_26.jpeg,1482,1482,33756.0,6482304,2648,2448,0.005207407736508501,False
LARD_test_synth_RJAA_16L_35_27.jpeg,1483,1483,41160.0,6482304,2648,2448,0.006349594218351994,False
LARD_test_synth_RJAA_16L_35_28.jpeg,1484,1484,59987.0,6482304,2648,2448,0.009253962788539384,False
LARD_test_synth_RJAA_16L_35_29.jpeg,1485,1485,70070.0,6482304,2648,2448,0.010809428252670655,False
LARD_test_synth_RJAA_16L_35_30.jpeg,1486,1486,97148.0,6482304,2648,2448,0.014986646723140415,False
LARD_test_synth_RJAA_16L_35_31.jpeg,1487,1487,163908.0,6482304,2648,2448,0.02528545406077839,False
LARD_test_synth_RJAA_16L_35_32.jpeg,1488,1488,313054.0,6482304,2648,2448,0.048293631400193514,False
LARD_test_synth_RJAA_34R_35_00.jpeg,1489,1489,7957.0,6482304,2648,2448,0.0012274956558655688,False
LARD_test_synth_RJAA_34R_35_01.jpeg,1490,1490,2613.0,6482304,2648,2448,0.00040309741721462,False
LARD_test_synth_RJAA_34R_35_02.jpeg,1491,1491,3185.0,6482304,2648,2448,0.0004913376478486661,False
LARD_test_synth_RJAA_34R_35_03.jpeg,1492,1492,3000.0,6482304,2648,2448,0.000462798412416326,False
LARD_test_synth_RJAA_34R_35_04.jpeg,1493,1493,2904.0,6482304,2648,2448,0.0004479888632190036,False
LARD_test_synth_RJAA_34R_35_05.jpeg,1494,1494,3944.0,6482304,2648,2448,0.0006084256461899967,False
LARD_test_synth_RJAA_34R_35_06.jpeg,1495,1495,13494.0,6482304,2648,2448,0.0020816672590486347,False
LARD_test_synth_RJAA_34R_35_07.jpeg,1496,1496,4698.0,6482304,2648,2448,0.0007247423138439666,False
LARD_test_synth_RJAA_34R_35_08.jpeg,1497,1497,5002.0,6482304,2648,2448,0.0007716392196354876,False
LARD_test_synth_RJAA_34R_35_09.jpeg,1498,1498,7540.0,6482304,2648,2448,0.0011631666765396995,False
LARD_test_synth_RJAA_34R_35_10.jpeg,1499,1499,8736.0,6482304,2648,2448,0.0013476689769563413,False
LARD_test_synth_RJAA_34R_35_11.jpeg,1500,1500,8888.0,6482304,2648,2448,0.0013711174298521019,False
LARD_test_synth_RJAA_34R_35_12.jpeg,1501,1501,8585.0,6482304,2648,2448,0.001324374790198053,False
LARD_test_synth_RJAA_34R_35_13.jpeg,1502,1502,5460.0,6482304,2648,2448,0.0008422931105977134,False
LARD_test_synth_RJAA_34R_35_14.jpeg,1503,1503,10494.0,6482304,2648,2448,0.0016188688466323086,False
LARD_test_synth_RJAA_34R_35_15.jpeg,1504,1504,6545.0,6482304,2648,2448,0.0010096718697549514,False
LARD_test_synth_RJAA_34R_35_16.jpeg,1505,1505,14787.0,6482304,2648,2448,0.002281133374800071,False
LARD_test_synth_RJAA_34R_35_17.jpeg,1506,1506,15125.0,6482304,2648,2448,0.002333275329265644,False
LARD_test_synth_RJAA_34R_35_18.jpeg,1507,1507,9680.0,6482304,2648,2448,0.001493296210730012,False
LARD_test_synth_RJAA_34R_35_19.jpeg,1508,1508,10302.0,6482304,2648,2448,0.0015892497482376637,False
LARD_test_synth_RJAA_34R_35_20.jpeg,1509,1509,12320.0,6482304,2648,2448,0.001900558813656379,False
LARD_test_synth_RJAA_34R_35_21.jpeg,1510,1510,14514.0,6482304,2648,2448,0.0022390187192701853,False
LARD_test_synth_RJAA_34R_35_22.jpeg,1511,1511,30962.0,6482304,2648,2448,0.004776388148411429,False
LARD_test_synth_RJAA_34R_35_23.jpeg,1512,1512,31977.0,6482304,2648,2448,0.004932968277945619,False
LARD_test_synth_RJAA_34R_35_24.jpeg,1513,1513,27945.0,6482304,2648,2448,0.004310967211658077,False
LARD_test_synth_RJAA_34R_35_25.jpeg,1514,1514,37200.0,6482304,2648,2448,0.005738700313962443,False
LARD_test_synth_RJAA_34R_35_26.jpeg,1515,1515,94170.0,6482304,2648,2448,0.014527242165748475,False
LARD_test_synth_RJAA_34R_35_27.jpeg,1516,1516,94276.0,6482304,2648,2448,0.014543594376320518,False
LARD_test_synth_RJAA_34R_35_28.jpeg,1517,1517,184972.0,6482304,2648,2448,0.028534915980490887,False
LARD_test_synth_RJAA_34R_35_29.jpeg,1518,1518,80940.0,6482304,2648,2448,0.012486301166992477,False
LARD_test_synth_RJAA_34R_35_30.jpeg,1519,1519,200260.0,6482304,2648,2448,0.030893336690164485,False
LARD_test_synth_RJTT_04_35_00.jpeg,1520,1520,3621.0,6482304,2648,2448,0.0005585976837865056,False
LARD_test_synth_RJTT_04_35_01.jpeg,1521,1521,3416.0,6482304,2648,2448,0.0005269731256047233,False
LARD_test_synth_RJTT_04_35_02.jpeg,1522,1522,4560.0,6482304,2648,2448,0.0007034535868728156,False
LARD_test_synth_RJTT_04_35_03.jpeg,1523,1523,7912.0,6482304,2648,2448,0.001220553679679324,False
LARD_test_synth_RJTT_04_35_04.jpeg,1524,1524,7725.0,6482304,2648,2448,0.0011917059119720395,False
LARD_test_synth_RJTT_04_35_05.jpeg,1525,1525,8200.0,6482304,2648,2448,0.0012649823272712912,False
LARD_test_synth_RJTT_04_35_06.jpeg,1526,1526,4884.0,6482304,2648,2448,0.0007534358154137788,False
LARD_test_synth_RJTT_04_35_07.jpeg,1527,1527,9213.0,6482304,2648,2448,0.0014212539245305373,False
LARD_test_synth_RJTT_04_35_08.jpeg,1528,1528,13020.0,6482304,2648,2448,0.002008545109886855,False
LARD_test_synth_RJTT_04_35_09.jpeg,1529,1529,14445.0,6482304,2648,2448,0.00222837435578461,False
LARD_test_synth_RJTT_04_35_10.jpeg,1530,1530,16330.0,6482304,2648,2448,0.002519166024919535,False
LARD_test_synth_RJTT_04_35_11.jpeg,1531,1531,8132.0,6482304,2648,2448,0.0012544922299231878,False
LARD_test_synth_RJTT_04_35_12.jpeg,1532,1532,32760.0,6482304,2648,2448,0.005053758663586281,False
LARD_test_synth_RJTT_04_35_13.jpeg,1533,1533,15587.0,6482304,2648,2448,0.002404546284777758,False
LARD_test_synth_RJTT_04_35_14.jpeg,1534,1534,14949.0,6482304,2648,2448,0.002306124489070553,False
LARD_test_synth_RJTT_04_35_15.jpeg,1535,1535,12390.0,6482304,2648,2448,0.0019113574432794266,False
LARD_test_synth_RJTT_04_35_16.jpeg,1536,1536,14508.0,6482304,2648,2448,0.002238093122445353,False
LARD_test_synth_RJTT_04_35_17.jpeg,1537,1537,16359.0,6482304,2648,2448,0.002523639742906226,False
LARD_test_synth_RJTT_04_35_18.jpeg,1538,1538,26640.0,6482304,2648,2448,0.004109649902256976,False
LARD_test_synth_RJTT_04_35_19.jpeg,1539,1539,19221.0,6482304,2648,2448,0.002965149428351401,False
LARD_test_synth_RJTT_04_35_20.jpeg,1540,1540,30129.0,6482304,2648,2448,0.004647884455897163,False
LARD_test_synth_RJTT_04_35_21.jpeg,1541,1541,24564.0,6482304,2648,2448,0.0037893934008648776,False
LARD_test_synth_RJTT_04_35_22.jpeg,1542,1542,27081.0,6482304,2648,2448,0.004177681268882175,False
LARD_test_synth_RJTT_04_35_23.jpeg,1543,1543,34427.0,6482304,2648,2448,0.005310920314752285,False
LARD_test_synth_RJTT_04_35_24.jpeg,1544,1544,42228.0,6482304,2648,2448,0.006514350453172206,False
LARD_test_synth_RJTT_04_35_25.jpeg,1545,1545,43434.0,6482304,2648,2448,0.006700395414963568,False
LARD_test_synth_RJTT_04_35_26.jpeg,1546,1546,49800.0,6482304,2648,2448,0.0076824536461110125,False
LARD_test_synth_RJTT_04_35_27.jpeg,1547,1547,62853.0,6482304,2648,2448,0.009696089538534448,False
LARD_test_synth_RJTT_04_35_28.jpeg,1548,1548,61655.0,6482304,2648,2448,0.009511278705842861,False
LARD_test_synth_RJTT_04_35_29.jpeg,1549,1549,99864.0,6482304,2648,2448,0.015405633552514661,False
LARD_test_synth_RJTT_04_35_30.jpeg,1550,1550,142817.0,6482304,2648,2448,0.022031826955354147,False
LARD_test_synth_RJTT_04_35_31.jpeg,1551,1551,129115.0,6482304,2648,2448,0.019918072339711313,False
LARD_test_synth_RJTT_22_35_00.jpeg,1552,1552,6600.0,6482304,2648,2448,0.0010181565073159172,False
LARD_test_synth_RJTT_22_35_01.jpeg,1553,1553,7865.0,6482304,2648,2448,0.0012133031712181347,False
LARD_test_synth_RJTT_22_35_02.jpeg,1554,1554,2016.0,6482304,2648,2448,0.0003110005331437711,False
LARD_test_synth_RJTT_22_35_03.jpeg,1555,1555,2925.0,6482304,2648,2448,0.0004512284521059179,False
LARD_test_synth_RJTT_22_35_04.jpeg,1556,1556,3672.0,6482304,2648,2448,0.0005664652567975831,False
LARD_test_synth_RJTT_22_35_05.jpeg,1557,1557,3528.0,6482304,2648,2448,0.0005442509330015994,False
LARD_test_synth_RJTT_22_35_06.jpeg,1558,1558,3300.0,6482304,2648,2448,0.0005090782536579586,False
LARD_test_synth_RJTT_22_35_07.jpeg,1559,1559,4225.0,6482304,2648,2448,0.0006517744308196592,False
LARD_test_synth_RJTT_22_35_08.jpeg,1560,1560,4757.0,6482304,2648,2448,0.000733844015954821,False
LARD_test_synth_RJTT_22_35_09.jpeg,1561,1561,7644.0,6482304,2648,2448,0.0011792103548367988,False
LARD_test_synth_RJTT_22_35_10.jpeg,1562,1562,5400.0,6482304,2648,2448,0.0008330371423493868,False
LARD_test_synth_RJTT_22_35_11.jpeg,1563,1563,4950.0,6482304,2648,2448,0.0007636173804869379,False
LARD_test_synth_RJTT_22_35_12.jpeg,1564,1564,4235.0,6482304,2648,2448,0.0006533170921943803,False
LARD_test_synth_RJTT_22_35_13.jpeg,1565,1565,6240.0,6482304,2648,2448,0.0009626206978259582,False
LARD_test_synth_RJTT_22_35_14.jpeg,1566,1566,7138.0,6482304,2648,2448,0.0011011516892759118,False
LARD_test_synth_RJTT_22_35_15.jpeg,1567,1567,16731.0,6482304,2648,2448,0.0025810267460458503,False
LARD_test_synth_RJTT_22_35_16.jpeg,1568,1568,11385.0,6482304,2648,2448,0.0017563199751199573,False
LARD_test_synth_RJTT_22_35_17.jpeg,1569,1569,11036.0,6482304,2648,2448,0.0017024810931421915,False
LARD_test_synth_RJTT_22_35_18.jpeg,1570,1570,15042.0,6482304,2648,2448,0.002320471239855459,False
LARD_test_synth_RJTT_22_35_19.jpeg,1571,1571,13320.0,6482304,2648,2448,0.002054824951128488,False
LARD_test_synth_RJTT_22_35_20.jpeg,1572,1572,15892.0,6482304,2648,2448,0.002451597456706751,False
LARD_test_synth_RJTT_22_35_21.jpeg,1573,1573,14720.0,6482304,2648,2448,0.0022707975435894397,False
LARD_test_synth_RJTT_22_35_22.jpeg,1574,1574,19716.0,6482304,2648,2448,0.003041511166400095,False
LARD_test_synth_RJTT_22_35_23.jpeg,1575,1575,13794.0,6482304,2648,2448,0.0021279471002902672,False
LARD_test_synth_RJTT_22_35_24.jpeg,1576,1576,18750.0,6482304,2648,2448,0.002892490077602038,False
LARD_test_synth_RJTT_22_35_25.jpeg,1577,1577,21804.0,6482304,2648,2448,0.0033636188614418576,False
LARD_test_synth_RJTT_22_35_26.jpeg,1578,1578,30784.0,6482304,2648,2448,0.004748928775941394,False
LARD_test_synth_RJTT_22_35_27.jpeg,1579,1579,46816.0,6482304,2648,2448,0.00722212349189424,False
LARD_test_synth_RJTT_22_35_28.jpeg,1580,1580,91258.0,6482304,2648,2448,0.014078019173429695,False
LARD_test_synth_RJTT_22_35_29.jpeg,1581,1581,239876.0,6482304,2648,2448,0.037004743992259545,False
LARD_test_synth_RJTT_22_35_30.jpeg,1582,1582,629633.0,6482304,2648,2448,0.0971310509349762,False
LARD_test_synth_RPMD_23_35_00.jpeg,1583,1583,3465.0,6482304,2648,2448,0.0005345321663408566,False
LARD_test_synth_RPMD_23_35_01.jpeg,1584,1584,3354.0,6482304,2648,2448,0.0005174086250814525,False
LARD_test_synth_RPMD_23_35_02.jpeg,1585,1585,4420.0,6482304,2648,2448,0.0006818563276267203,False
LARD_test_synth_RPMD_23_35_03.jpeg,1586,1586,3549.0,6482304,2648,2448,0.0005474905218885137,False
LARD_test_synth_RPMD_23_35_04.jpeg,1587,1587,3068.0,6482304,2648,2448,0.00047328850976442944,False
LARD_test_synth_RPMD_23_35_05.jpeg,1588,1588,3552.0,6482304,2648,2448,0.00054795332030093,False
LARD_test_synth_RPMD_23_35_06.jpeg,1589,1589,8096.0,6482304,2648,2448,0.0012489386489741919,False
LARD_test_synth_RPMD_23_35_07.jpeg,1590,1590,5460.0,6482304,2648,2448,0.0008422931105977134,True
LARD_test_synth_RPMD_23_35_08.jpeg,1591,1591,3780.0,6482304,2648,2448,0.0005831259996445708,False
LARD_test_synth_RPMD_23_35_09.jpeg,1592,1592,9360.0,6482304,2648,2448,0.0014439310467389372,False
LARD_test_synth_RPMD_23_35_10.jpeg,1593,1593,4851.0,6482304,2648,2448,0.0007483450328771992,False
LARD_test_synth_RPMD_23_35_11.jpeg,1594,1594,11374.0,6482304,2648,2448,0.0017546230476077642,False
LARD_test_synth_RPMD_23_35_12.jpeg,1595,1595,9100.0,6482304,2648,2448,0.001403821850996189,False
LARD_test_synth_RPMD_23_35_13.jpeg,1596,1596,16113.0,6482304,2648,2448,0.0024856902730880873,False
LARD_test_synth_RPMD_23_35_14.jpeg,1597,1597,8200.0,6482304,2648,2448,0.0012649823272712912,False
LARD_test_synth_RPMD_23_35_15.jpeg,1598,1598,9282.0,6482304,2648,2448,0.0014318982880161127,False
LARD_test_synth_RPMD_23_35_16.jpeg,1599,1599,32760.0,6482304,2648,2448,0.005053758663586281,False
LARD_test_synth_RPMD_23_35_17.jpeg,1600,1600,14124.0,6482304,2648,2448,0.002178854925656063,False
LARD_test_synth_RPMD_23_35_18.jpeg,1601,1601,19182.0,6482304,2648,2448,0.002959133048989989,False
LARD_test_synth_RPMD_23_35_19.jpeg,1602,1602,31914.0,6482304,2648,2448,0.004923249511284877,False
LARD_test_synth_RPMD_23_35_20.jpeg,1603,1603,56922.0,6482304,2648,2448,0.00878113707718737,False
LARD_test_synth_RPMD_23_35_21.jpeg,1604,1604,24048.0,6482304,2648,2448,0.0037097920739292698,False
LARD_test_synth_RPMD_23_35_22.jpeg,1605,1605,32752.0,6482304,2648,2448,0.005052524534486504,False
LARD_test_synth_RPMD_23_35_23.jpeg,1606,1606,50895.0,6482304,2648,2448,0.007851375066642971,False
LARD_test_synth_RPMD_23_35_24.jpeg,1607,1607,125114.0,6482304,2648,2448,0.019300853523685407,False
LARD_test_synth_RPMD_23_35_25.jpeg,1608,1608,257088.0,6482304,2648,2448,0.03965997275042948,False
LARD_test_synth_RPMD_23_35_26.jpeg,1609,1609,377298.0,6482304,2648,2448,0.058204305135951664,False
LARD_test_synth_RPMD_23_35_27.jpeg,1610,1610,658752.0,6482304,2648,2448,0.10162312659202653,False
LARD_test_synth_RPMD_23_35_28.jpeg,1611,1611,974358.0,6482304,2648,2448,0.15031044517504888,False
LARD_test_synth_RPMD_5_35_00.jpeg,1612,1612,3850.0,6482304,2648,2448,0.0005939246292676184,False
LARD_test_synth_RPMD_5_35_01.jpeg,1613,1613,6536.0,6482304,2648,2448,0.0010082834745177023,False
LARD_test_synth_RPMD_5_35_02.jpeg,1614,1614,8362.0,6482304,2648,2448,0.0012899734415417728,False
LARD_test_synth_RPMD_5_35_03.jpeg,1615,1615,7224.0,6482304,2648,2448,0.0011144185770985131,False
LARD_test_synth_RPMD_5_35_04.jpeg,1616,1616,3510.0,6482304,2648,2448,0.0005414741425271015,False
LARD_test_synth_RPMD_5_35_05.jpeg,1617,1617,6528.0,6482304,2648,2448,0.0010070493454179255,False
LARD_test_synth_RPMD_5_35_06.jpeg,1618,1618,9540.0,6482304,2648,2448,0.0014716989514839168,False
LARD_test_synth_RPMD_5_35_07.jpeg,1619,1619,5005.0,6482304,2648,2448,0.000772102018047904,False
LARD_test_synth_RPMD_5_35_08.jpeg,1620,1620,9300.0,6482304,2648,2448,0.0014346750784906108,False
LARD_test_synth_RPMD_5_35_09.jpeg,1621,1621,8208.0,6482304,2648,2448,0.001266216456371068,False
LARD_test_synth_RPMD_5_35_10.jpeg,1622,1622,5724.0,6482304,2648,2448,0.0008830193708903501,False
LARD_test_synth_RPMD_5_35_11.jpeg,1623,1623,13653.0,6482304,2648,2448,0.0021061955749067,False
LARD_test_synth_RPMD_5_35_12.jpeg,1624,1624,11880.0,6482304,2648,2448,0.0018326817131686512,False
LARD_test_synth_RPMD_5_35_13.jpeg,1625,1625,6930.0,6482304,2648,2448,0.0010690643326817131,False
LARD_test_synth_RPMD_5_35_14.jpeg,1626,1626,15290.0,6482304,2648,2448,0.002358729241948542,False
LARD_test_synth_RPMD_5_35_15.jpeg,1627,1627,10854.0,6482304,2648,2448,0.0016744046561222676,False
LARD_test_synth_RPMD_5_35_16.jpeg,1628,1628,15870.0,6482304,2648,2448,0.002448203601682365,False
LARD_test_synth_RPMD_5_35_17.jpeg,1629,1629,17400.0,6482304,2648,2448,0.002684230792014691,False
LARD_test_synth_RPMD_5_35_18.jpeg,1630,1630,18094.0,6482304,2648,2448,0.0027912914914203345,False
LARD_test_synth_RPMD_5_35_19.jpeg,1631,1631,17472.0,6482304,2648,2448,0.0026953379539126827,False
LARD_test_synth_RPMD_5_35_20.jpeg,1632,1632,16500.0,6482304,2648,2448,0.0025453912682897933,False
LARD_test_synth_RPMD_5_35_21.jpeg,1633,1633,23688.0,6482304,2648,2448,0.0036542562644393106,False
LARD_test_synth_RPMD_5_35_22.jpeg,1634,1634,42400.0,6482304,2648,2448,0.006540884228817408,False
LARD_test_synth_RPMD_5_35_23.jpeg,1635,1635,22879.0,6482304,2648,2448,0.0035294549592243744,False
LARD_test_synth_RPMD_5_35_24.jpeg,1636,1636,46920.0,6482304,2648,2448,0.0072381671701913395,False
LARD_test_synth_RPMD_5_35_25.jpeg,1637,1637,60016.0,6482304,2648,2448,0.009258436506526075,False
LARD_test_synth_RPMD_5_35_26.jpeg,1638,1638,36284.0,6482304,2648,2448,0.005597392532037991,False
LARD_test_synth_RPMD_5_35_27.jpeg,1639,1639,42436.0,6482304,2648,2448,0.006546437809766404,False
LARD_test_synth_RPMD_5_35_28.jpeg,1640,1640,138908.0,6482304,2648,2448,0.021428800623975675,False
LARD_test_synth_SAEZ_17_35_00.jpeg,1641,1641,6930.0,6482304,2648,2448,0.0010690643326817131,False
LARD_test_synth_SAEZ_17_35_01.jpeg,1642,1642,7920.0,6482304,2648,2448,0.0012217878087791008,False
LARD_test_synth_SAEZ_17_35_02.jpeg,1643,1643,5040.0,6482304,2648,2448,0.0007775013328594277,False
LARD_test_synth_SAEZ_17_35_03.jpeg,1644,1644,5670.0,6482304,2648,2448,0.0008746889994668563,False
LARD_test_synth_SAEZ_17_35_04.jpeg,1645,1645,8774.0,6482304,2648,2448,0.0013535310901802815,False
LARD_test_synth_SAEZ_17_35_05.jpeg,1646,1646,2952.0,6482304,2648,2448,0.00045539363781766485,False
LARD_test_synth_SAEZ_17_35_06.jpeg,1647,1647,7072.0,6482304,2648,2448,0.0010909701242027526,False
LARD_test_synth_SAEZ_17_35_07.jpeg,1648,1648,3002.0,6482304,2648,2448,0.00046310694469127027,False
LARD_test_synth_SAEZ_17_35_08.jpeg,1649,1649,8050.0,6482304,2648,2448,0.001241842406650475,False
LARD_test_synth_SAEZ_17_35_09.jpeg,1650,1650,6734.0,6482304,2648,2448,0.00103882816973718,False
LARD_test_synth_SAEZ_17_35_10.jpeg,1651,1651,3700.0,6482304,2648,2448,0.0005707847086468021,False
LARD_test_synth_SAEZ_17_35_11.jpeg,1652,1652,5040.0,6482304,2648,2448,0.0007775013328594277,False
LARD_test_synth_SAEZ_17_35_12.jpeg,1653,1653,5304.0,6482304,2648,2448,0.0008182275931520645,False
LARD_test_synth_SAEZ_17_35_13.jpeg,1654,1654,7031.0,6482304,2648,2448,0.001084645212566396,False
LARD_test_synth_SAEZ_17_35_14.jpeg,1655,1655,12753.0,6482304,2648,2448,0.001967356051181802,False
LARD_test_synth_SAEZ_17_35_15.jpeg,1656,1656,11253.0,6482304,2648,2448,0.001735956844973639,False
LARD_test_synth_SAEZ_17_35_16.jpeg,1657,1657,9243.0,6482304,2648,2448,0.0014258819086547005,False
LARD_test_synth_SAEZ_17_35_17.jpeg,1658,1658,20776.0,6482304,2648,2448,0.00320503327212053,False
LARD_test_synth_SAEZ_17_35_18.jpeg,1659,1659,15048.0,6482304,2648,2448,0.0023213968366802913,False
LARD_test_synth_SAEZ_17_35_19.jpeg,1660,1660,18221.0,6482304,2648,2448,0.002810883290879292,False
LARD_test_synth_SAEZ_17_35_20.jpeg,1661,1661,15327.0,6482304,2648,2448,0.00236443708903501,False
LARD_test_synth_SAEZ_17_35_21.jpeg,1662,1662,40552.0,6482304,2648,2448,0.006255800406768952,False
LARD_test_synth_SAEZ_17_35_22.jpeg,1663,1663,35100.0,6482304,2648,2448,0.005414741425271014,False
LARD_test_synth_SAEZ_17_35_23.jpeg,1664,1664,54000.0,6482304,2648,2448,0.008330371423493868,False
LARD_test_synth_SAEZ_17_35_24.jpeg,1665,1665,56120.0,6482304,2648,2448,0.00865741563493474,False
LARD_test_synth_SAEZ_17_35_25.jpeg,1666,1666,50400.0,6482304,2648,2448,0.0077750133285942775,False
LARD_test_synth_SAEZ_17_35_26.jpeg,1667,1667,118000.0,6482304,2648,2448,0.018203404221708824,False
LARD_test_synth_SAEZ_17_35_27.jpeg,1668,1668,142742.0,6482304,2648,2448,0.022020256995043737,False
LARD_test_synth_SAEZ_17_35_29.jpeg,1669,1669,246181.0,6482304,2648,2448,0.03797739198902119,False
LARD_test_synth_SAEZ_17_35_30.jpeg,1670,1670,346014.0,6482304,2648,2448,0.05337824329127421,False
LARD_test_synth_SAEZ_35_35_00.jpeg,1671,1671,5476.0,6482304,2648,2448,0.0008447613687972671,False
LARD_test_synth_SAEZ_35_35_01.jpeg,1672,1672,2318.0,6482304,2648,2448,0.0003575889066603479,False
LARD_test_synth_SAEZ_35_35_02.jpeg,1673,1673,5406.0,6482304,2648,2448,0.0008339627391742195,False
LARD_test_synth_SAEZ_35_35_03.jpeg,1674,1674,2432.0,6482304,2648,2448,0.0003751752463321683,False
LARD_test_synth_SAEZ_35_35_04.jpeg,1675,1675,10028.0,6482304,2648,2448,0.0015469808265703058,False
LARD_test_synth_SAEZ_35_35_05.jpeg,1676,1676,5063.0,6482304,2648,2448,0.0007810494540212863,False
LARD_test_synth_SAEZ_35_35_06.jpeg,1677,1677,7980.0,6482304,2648,2448,0.0012310437770274272,False
LARD_test_synth_SAEZ_35_35_07.jpeg,1678,1678,4356.0,6482304,2648,2448,0.0006719832948285054,False
LARD_test_synth_SAEZ_35_35_08.jpeg,1679,1679,5562.0,6482304,2648,2448,0.0008580282566198685,False
LARD_test_synth_SAEZ_35_35_09.jpeg,1680,1680,7038.0,6482304,2648,2448,0.001085725075528701,False
LARD_test_synth_SAEZ_35_35_10.jpeg,1681,1681,13110.0,6482304,2648,2448,0.002022429062259345,False
LARD_test_synth_SAEZ_35_35_11.jpeg,1682,1682,4410.0,6482304,2648,2448,0.0006803136662519993,False
LARD_test_synth_SAEZ_35_35_12.jpeg,1683,1683,10472.0,6482304,2648,2448,0.001615474991607922,False
LARD_test_synth_SAEZ_35_35_13.jpeg,1684,1684,7275.0,6482304,2648,2448,0.0011222861501095907,False
LARD_test_synth_SAEZ_35_35_14.jpeg,1685,1685,10998.0,6482304,2648,2448,0.0016966189799182514,False
LARD_test_synth_SAEZ_35_35_15.jpeg,1686,1686,10881.0,6482304,2648,2448,0.0016785698418340146,False
LARD_test_synth_SAEZ_35_35_16.jpeg,1687,1687,9350.0,6482304,2648,2448,0.0014423883853642162,False
LARD_test_synth_SAEZ_35_35_17.jpeg,1688,1688,38592.0,6482304,2648,2448,0.005953438777323618,False
LARD_test_synth_SAEZ_35_35_18.jpeg,1689,1689,16929.0,6482304,2648,2448,0.0026115714412653277,False
LARD_test_synth_SAEZ_35_35_19.jpeg,1690,1690,21063.0,6482304,2648,2448,0.003249307653575025,False
LARD_test_synth_SAEZ_35_35_20.jpeg,1691,1691,59280.0,6482304,2648,2448,0.009144896629346602,False
LARD_test_synth_SAEZ_35_35_21.jpeg,1692,1692,49296.0,6482304,2648,2448,0.00760470351282507,False
LARD_test_synth_SAEZ_35_35_22.jpeg,1693,1693,35372.0,6482304,2648,2448,0.005456701814663428,False
LARD_test_synth_SAEZ_35_35_23.jpeg,1694,1694,65532.0,6482304,2648,2448,0.010109368520822226,False
LARD_test_synth_SAEZ_35_35_24.jpeg,1695,1695,59856.0,6482304,2648,2448,0.009233753924530538,False
LARD_test_synth_SAEZ_35_35_25.jpeg,1696,1696,64701.0,6482304,2648,2448,0.009981173360582903,False
LARD_test_synth_SAEZ_35_35_26.jpeg,1697,1697,79488.0,6482304,2648,2448,0.012262306735382976,False
LARD_test_synth_SAEZ_35_35_27.jpeg,1698,1698,158316.0,6482304,2648,2448,0.02442279782003436,False
LARD_test_synth_SAEZ_35_35_28.jpeg,1699,1699,121905.0,6482304,2648,2448,0.01880581348853741,False
LARD_test_synth_SAEZ_35_35_29.jpeg,1700,1700,156465.0,6482304,2648,2448,0.024137251199573485,False
LARD_test_synth_SEQM_18_35_00.jpeg,1701,1701,3430.0,6482304,2648,2448,0.0005291328515293328,False
LARD_test_synth_SEQM_18_35_01.jpeg,1702,1702,5214.0,6482304,2648,2448,0.0008043436407795747,False
LARD_test_synth_SEQM_18_35_02.jpeg,1703,1703,12876.0,6482304,2648,2448,0.0019863307860908713,False
LARD_test_synth_SEQM_18_35_03.jpeg,1704,1704,10712.0,6482304,2648,2448,0.0016524988646012281,False
LARD_test_synth_SEQM_18_35_04.jpeg,1705,1705,10080.0,6482304,2648,2448,0.0015550026657188555,False
LARD_test_synth_SEQM_18_35_05.jpeg,1706,1706,15360.0,6482304,2648,2448,0.0023695278715715894,False
LARD_test_synth_SEQM_18_35_06.jpeg,1707,1707,9648.0,6482304,2648,2448,0.0014883596943309045,False
LARD_test_synth_SEQM_18_35_07.jpeg,1708,1708,14280.0,6482304,2648,2448,0.002202920443101712,False
LARD_test_synth_SEQM_18_35_08.jpeg,1709,1709,14017.0,6482304,2648,2448,0.0021623484489465476,False
LARD_test_synth_SEQM_18_35_09.jpeg,1710,1710,7488.0,6482304,2648,2448,0.0011551448373911498,False
LARD_test_synth_SEQM_18_35_10.jpeg,1711,1711,21442.0,6482304,2648,2448,0.0033077745196769546,False
LARD_test_synth_SEQM_18_35_11.jpeg,1712,1712,17514.0,6482304,2648,2448,0.0027018171316865115,False
LARD_test_synth_SEQM_18_35_12.jpeg,1713,1713,19698.0,6482304,2648,2448,0.003038734375925597,False
LARD_test_synth_SEQM_18_35_13.jpeg,1714,1714,16936.0,6482304,2648,2448,0.002612651304227633,False
LARD_test_synth_SEQM_18_35_14.jpeg,1715,1715,15836.0,6482304,2648,2448,0.002442958553008313,False
LARD_test_synth_SEQM_18_35_15.jpeg,1716,1716,10934.0,6482304,2648,2448,0.0016867459471200364,False
LARD_test_synth_SEQM_18_35_16.jpeg,1717,1717,17850.0,6482304,2648,2448,0.00275365055387714,False
LARD_test_synth_SEQM_18_35_17.jpeg,1718,1718,13616.0,6482304,2648,2448,0.002100487727820232,False
LARD_test_synth_SEQM_18_35_18.jpeg,1719,1719,17952.0,6482304,2648,2448,0.0027693856998992953,False
LARD_test_synth_SEQM_18_35_19.jpeg,1720,1720,22990.0,6482304,2648,2448,0.0035465785004837784,False
LARD_test_synth_SEQM_18_35_20.jpeg,1721,1721,38304.0,6482304,2648,2448,0.005909010129731651,False
LARD_test_synth_SEQM_18_35_21.jpeg,1722,1722,88560.0,6482304,2648,2448,0.013661809134529945,False
LARD_test_synth_SEQM_18_35_22.jpeg,1723,1723,42770.0,6482304,2648,2448,0.006597962699682088,False
LARD_test_synth_SEQM_18_35_23.jpeg,1724,1724,51376.0,6482304,2648,2448,0.007925577078767055,False
LARD_test_synth_SEQM_18_35_24.jpeg,1725,1725,59961.0,6482304,2648,2448,0.00924995186896511,False
LARD_test_synth_SEQM_18_35_25.jpeg,1726,1726,93654.0,6482304,2648,2448,0.014447640838812866,False
LARD_test_synth_SEQM_18_35_26.jpeg,1727,1727,418132.0,6482304,2648,2448,0.06450360859348775,False
LARD_test_synth_SEQM_18_35_28.jpeg,1728,1728,1621554.0,6482304,2648,2448,0.2501508722824477,False
LARD_test_synth_SEQM_36_35_00.jpeg,1729,1729,3772.0,6482304,2648,2448,0.000581891870544794,False
LARD_test_synth_SEQM_36_35_01.jpeg,1730,1730,4617.0,6482304,2648,2448,0.0007122467567087258,False
LARD_test_synth_SEQM_36_35_02.jpeg,1731,1731,2550.0,6482304,2648,2448,0.00039337865055387715,False
LARD_test_synth_SEQM_36_35_03.jpeg,1732,1732,8712.0,6482304,2648,2448,0.0013439665896570108,False
LARD_test_synth_SEQM_36_35_04.jpeg,1733,1733,2170.0,6482304,2648,2448,0.00033475751831447585,False
LARD_test_synth_SEQM_36_35_05.jpeg,1734,1734,3219.0,6482304,2648,2448,0.0004965826965227178,False
LARD_test_synth_SEQM_36_35_06.jpeg,1735,1735,2730.0,6482304,2648,2448,0.0004211465552988567,False
LARD_test_synth_SEQM_36_35_07.jpeg,1736,1736,9100.0,6482304,2648,2448,0.001403821850996189,False
LARD_test_synth_SEQM_36_35_08.jpeg,1737,1737,3306.0,6482304,2648,2448,0.0005100038504827913,False
LARD_test_synth_SEQM_36_35_09.jpeg,1738,1738,3392.0,6482304,2648,2448,0.0005232707383053927,False
LARD_test_synth_SEQM_36_35_10.jpeg,1739,1739,15360.0,6482304,2648,2448,0.0023695278715715894,False
LARD_test_synth_SEQM_36_35_11.jpeg,1740,1740,19152.0,6482304,2648,2448,0.0029545050648658254,False
LARD_test_synth_SEQM_36_35_12.jpeg,1741,1741,8085.0,6482304,2648,2448,0.0012472417214619987,False
LARD_test_synth_SEQM_36_35_13.jpeg,1742,1742,6510.0,6482304,2648,2448,0.0010042725549434274,False
LARD_test_synth_SEQM_36_35_14.jpeg,1743,1743,7840.0,6482304,2648,2448,0.001209446517781332,False
LARD_test_synth_SEQM_36_35_15.jpeg,1744,1744,9374.0,6482304,2648,2448,0.0014460907726635468,False
LARD_test_synth_SEQM_36_35_16.jpeg,1745,1745,10349.0,6482304,2648,2448,0.0015965002566988528,False
LARD_test_synth_SEQM_36_35_17.jpeg,1746,1746,10540.0,6482304,2648,2448,0.0016259650889560255,False
LARD_test_synth_SEQM_36_35_18.jpeg,1747,1747,34000.0,6482304,2648,2448,0.005245048674051695,False
LARD_test_synth_SEQM_36_35_19.jpeg,1748,1748,27489.0,6482304,2648,2448,0.0042406218529707955,False
LARD_test_synth_SEQM_36_35_20.jpeg,1749,1749,38133.0,6482304,2648,2448,0.005882630620223921,False
LARD_test_synth_SEQM_36_35_21.jpeg,1750,1750,33099.0,6482304,2648,2448,0.0051060548841893256,False
LARD_test_synth_SEQM_36_35_22.jpeg,1751,1751,47320.0,6482304,2648,2448,0.007299873625180183,False
LARD_test_synth_SEQM_36_35_23.jpeg,1752,1752,45630.0,6482304,2648,2448,0.007039163852852319,False
LARD_test_synth_SEQM_36_35_24.jpeg,1753,1753,44523.0,6482304,2648,2448,0.006868391238670695,False
LARD_test_synth_SEQM_36_35_25.jpeg,1754,1754,62985.0,6482304,2648,2448,0.009716452668680766,False
LARD_test_synth_SEQM_36_35_26.jpeg,1755,1755,39750.0,6482304,2648,2448,0.00613207896451632,False
LARD_test_synth_SEQM_36_35_27.jpeg,1756,1756,78320.0,6482304,2648,2448,0.012082123886815552,False
LARD_test_synth_SEQM_36_35_28.jpeg,1757,1757,106116.0,6482304,2648,2448,0.016370105443990285,False
LARD_test_synth_SEQM_36_35_29.jpeg,1758,1758,137200.0,6482304,2648,2448,0.02116531406117331,False
LARD_test_synth_SEQM_36_35_30.jpeg,1759,1759,137256.0,6482304,2648,2448,0.021173952964871748,False
LARD_test_synth_VDPP_23_35_00.jpeg,1760,1760,1798.0,6482304,2648,2448,0.00027737051517485144,False
LARD_test_synth_VDPP_23_35_01.jpeg,1761,1761,8424.0,6482304,2648,2448,0.0012995379420650435,False
LARD_test_synth_VDPP_23_35_02.jpeg,1762,1762,6272.0,6482304,2648,2448,0.0009675572142250656,False
LARD_test_synth_VDPP_23_35_03.jpeg,1763,1763,5084.0,6482304,2648,2448,0.0007842890429082005,False
LARD_test_synth_VDPP_23_35_04.jpeg,1764,1764,4352.0,6482304,2648,2448,0.000671366230278617,False
LARD_test_synth_VDPP_23_35_05.jpeg,1765,1765,3320.0,6482304,2648,2448,0.0005121635764074008,False
LARD_test_synth_VDPP_23_35_06.jpeg,1766,1766,4851.0,6482304,2648,2448,0.0007483450328771992,False
LARD_test_synth_VDPP_23_35_07.jpeg,1767,1767,5963.0,6482304,2648,2448,0.000919888977746184,False
LARD_test_synth_VDPP_23_35_08.jpeg,1768,1768,4232.0,6482304,2648,2448,0.000652854293781964,False
LARD_test_synth_VDPP_23_35_09.jpeg,1769,1769,4080.0,6482304,2648,2448,0.0006294058408862034,False
LARD_test_synth_VDPP_23_35_10.jpeg,1770,1770,4536.0,6482304,2648,2448,0.000699751199573485,False
LARD_test_synth_VDPP_23_35_11.jpeg,1771,1771,10545.0,6482304,2648,2448,0.001626736419643386,False
LARD_test_synth_VDPP_23_35_12.jpeg,1772,1772,7383.0,6482304,2648,2448,0.0011389468929565783,False
LARD_test_synth_VDPP_23_35_13.jpeg,1773,1773,6213.0,6482304,2648,2448,0.0009584555121142113,False
LARD_test_synth_VDPP_23_35_14.jpeg,1774,1774,19895.0,6482304,2648,2448,0.003069124805007602,False
LARD_test_synth_VDPP_23_35_15.jpeg,1775,1775,7973.0,6482304,2648,2448,0.0012299639140651226,False
LARD_test_synth_VDPP_23_35_16.jpeg,1776,1776,17582.0,6482304,2648,2448,0.002712307229034615,False
LARD_test_synth_VDPP_23_35_17.jpeg,1777,1777,12998.0,6482304,2648,2448,0.0020051512548624685,False
LARD_test_synth_VDPP_23_35_18.jpeg,1778,1778,23680.0,6482304,2648,2448,0.0036530221353395335,False
LARD_test_synth_VDPP_23_35_19.jpeg,1779,1779,21216.0,6482304,2648,2448,0.003272910372608258,False
LARD_test_synth_VDPP_23_35_20.jpeg,1780,1780,20691.0,6482304,2648,2448,0.003191920650435401,False
LARD_test_synth_VDPP_23_35_21.jpeg,1781,1781,23520.0,6482304,2648,2448,0.003628339553343996,False
LARD_test_synth_VDPP_23_35_22.jpeg,1782,1782,33003.0,6482304,2648,2448,0.005091245334992003,False
LARD_test_synth_VDPP_23_35_23.jpeg,1783,1783,24648.0,6482304,2648,2448,0.003802351756412535,False
LARD_test_synth_VDPP_23_35_24.jpeg,1784,1784,46200.0,6482304,2648,2448,0.007127095551211421,False
LARD_test_synth_VDPP_23_35_25.jpeg,1785,1785,85050.0,6482304,2648,2448,0.013120334992002844,False
LARD_test_synth_VDPP_23_35_26.jpeg,1786,1786,79952.0,6482304,2648,2448,0.012333886223170033,False
LARD_test_synth_VDPP_23_35_27.jpeg,1787,1787,92100.0,6482304,2648,2448,0.01420791126118121,False
LARD_test_synth_VDPP_23_35_28.jpeg,1788,1788,101990.0,6482304,2648,2448,0.015733603360780366,False
LARD_test_synth_VDPP_23_35_29.jpeg,1789,1789,289386.0,6482304,2648,2448,0.04464246045850364,False
LARD_test_synth_VDPP_23_35_30.jpeg,1790,1790,335340.0,6482304,2648,2448,0.051731606539896925,False
LARD_test_synth_VDPP_5_35_00.jpeg,1791,1791,3380.0,6482304,2648,2448,0.0005214195446557274,False
LARD_test_synth_VDPP_5_35_01.jpeg,1792,1792,3465.0,6482304,2648,2448,0.0005345321663408566,False
LARD_test_synth_VDPP_5_35_02.jpeg,1793,1793,2695.0,6482304,2648,2448,0.0004157472404873329,False
LARD_test_synth_VDPP_5_35_03.jpeg,1794,1794,7189.0,6482304,2648,2448,0.0011090192622869894,False
LARD_test_synth_VDPP_5_35_04.jpeg,1795,1795,12540.0,6482304,2648,2448,0.001934497363900243,False
LARD_test_synth_VDPP_5_35_05.jpeg,1796,1796,6162.0,6482304,2648,2448,0.0009505879391031337,False
LARD_test_synth_VDPP_5_35_06.jpeg,1797,1797,3834.0,6482304,2648,2448,0.0005914563710680647,False
LARD_test_synth_VDPP_5_35_07.jpeg,1798,1798,13568.0,6482304,2648,2448,0.0020930829532215707,False
LARD_test_synth_VDPP_5_35_08.jpeg,1799,1799,10573.0,6482304,2648,2448,0.001631055871492605,False
LARD_test_synth_VDPP_5_35_09.jpeg,1800,1800,7865.0,6482304,2648,2448,0.0012133031712181347,False
LARD_test_synth_VDPP_5_35_10.jpeg,1801,1801,6670.0,6482304,2648,2448,0.001028955136938965,False
LARD_test_synth_VDPP_5_35_11.jpeg,1802,1802,5310.0,6482304,2648,2448,0.0008191531899768972,False
LARD_test_synth_VDPP_5_35_12.jpeg,1803,1803,18228.0,6482304,2648,2448,0.0028119631538415972,False
LARD_test_synth_VDPP_5_35_13.jpeg,1804,1804,21700.0,6482304,2648,2448,0.0033475751831447582,False
LARD_test_synth_VDPP_5_35_14.jpeg,1805,1805,16640.0,6482304,2648,2448,0.0025669885275358883,False
LARD_test_synth_VDPP_5_35_15.jpeg,1806,1806,32266.0,6482304,2648,2448,0.004977551191675059,False
LARD_test_synth_VDPP_5_35_16.jpeg,1807,1807,14875.0,6482304,2648,2448,0.002294708794897617,False
LARD_test_synth_VDPP_5_35_17.jpeg,1808,1808,16383.0,6482304,2648,2448,0.0025273421302055565,False
LARD_test_synth_VDPP_5_35_18.jpeg,1809,1809,23865.0,6482304,2648,2448,0.0036815613707718736,False
LARD_test_synth_VDPP_5_35_19.jpeg,1810,1810,51352.0,6482304,2648,2448,0.007921874691467726,False
LARD_test_synth_VDPP_5_35_20.jpeg,1811,1811,63001.0,6482304,2648,2448,0.00971892092688032,False
LARD_test_synth_VDPP_5_35_21.jpeg,1812,1812,136010.0,6482304,2648,2448,0.020981737357581503,False
LARD_test_synth_VDPP_5_35_22.jpeg,1813,1813,134151.0,6482304,2648,2448,0.020694956608020853,False
LARD_test_synth_VDPP_5_35_23.jpeg,1814,1814,147808.0,6482304,2648,2448,0.02280176924747744,False
LARD_test_synth_VDPP_5_35_24.jpeg,1815,1815,244674.0,6482304,2648,2448,0.03774491291985072,False
LARD_test_synth_VDPP_5_35_25.jpeg,1816,1816,244338.0,6482304,2648,2448,0.03769307949766009,False
LARD_test_synth_VDPP_5_35_26.jpeg,1817,1817,255760.0,6482304,2648,2448,0.03945510731986652,False
LARD_test_synth_VDPP_5_35_27.jpeg,1818,1818,538843.0,6482304,2648,2448,0.08312522831388346,False
LARD_test_synth_VDPP_5_35_28.jpeg,1819,1819,768852.0,6482304,2648,2448,0.11860782832770571,False
LARD_test_synth_VDPP_5_35_29.jpeg,1820,1820,549640.0,6482304,2648,2448,0.08479083980016981,False
LARD_test_synth_VHHH_07L_35_05.jpeg,1821,1821,7410.0,6482304,2648,2448,0.0011431120786683253,False
LARD_test_synth_VHHH_07L_35_06.jpeg,1822,1822,15875.0,6482304,2648,2448,0.0024489749323697253,False
LARD_test_synth_VHHH_07L_35_07.jpeg,1823,1823,7052.0,6482304,2648,2448,0.0010878848014533105,False
LARD_test_synth_VHHH_07L_35_08.jpeg,1824,1824,11900.0,6482304,2648,2448,0.0018357670359180932,False
LARD_test_synth_VHHH_07L_35_09.jpeg,1825,1825,10070.0,6482304,2648,2448,0.0015534600043441344,False
LARD_test_synth_VHHH_07L_35_10.jpeg,1826,1826,12596.0,6482304,2648,2448,0.0019431362675986809,False
LARD_test_synth_VHHH_07L_35_11.jpeg,1827,1827,18209.0,6482304,2648,2448,0.002809032097229627,False
LARD_test_synth_VHHH_07L_35_12.jpeg,1828,1828,29848.0,6482304,2648,2448,0.0046045356712675,False
LARD_test_synth_VHHH_07L_35_13.jpeg,1829,1829,42292.0,6482304,2648,2448,0.00652422348597042,False
LARD_test_synth_VHHH_07L_35_14.jpeg,1830,1830,21750.0,6482304,2648,2448,0.0033552884900183637,False
LARD_test_synth_VHHH_07L_35_15.jpeg,1831,1831,18515.0,6482304,2648,2448,0.0028562375352960924,False
LARD_test_synth_VHHH_07L_35_16.jpeg,1832,1832,19592.0,6482304,2648,2448,0.0030223821653535534,False
LARD_test_synth_VHHH_07L_35_17.jpeg,1833,1833,18816.0,6482304,2648,2448,0.002902671642675197,False
LARD_test_synth_VHHH_07L_35_18.jpeg,1834,1834,27064.0,6482304,2648,2448,0.004175058744545149,False
LARD_test_synth_VHHH_07L_35_19.jpeg,1835,1835,29624.0,6482304,2648,2448,0.004569980056473748,False
LARD_test_synth_VHHH_07L_35_20.jpeg,1836,1836,31160.0,6482304,2648,2448,0.004806932843630906,False
LARD_test_synth_VHHH_07L_35_21.jpeg,1837,1837,55200.0,6482304,2648,2448,0.0085154907884604,False
LARD_test_synth_VHHH_07L_35_22.jpeg,1838,1838,93086.0,6482304,2648,2448,0.014360017672728709,False
LARD_test_synth_VHHH_07L_35_23.jpeg,1839,1839,58504.0,6482304,2648,2448,0.009025186106668246,False
LARD_test_synth_VHHH_07L_35_24.jpeg,1840,1840,75068.0,6482304,2648,2448,0.011580450407756255,False
LARD_test_synth_VHHH_07L_35_25.jpeg,1841,1841,165771.0,6482304,2648,2448,0.02557285187488893,False
LARD_test_synth_VHHH_07L_35_26.jpeg,1842,1842,126741.0,6482304,2648,2448,0.019551844529352526,False
LARD_test_synth_VHHH_07L_35_27.jpeg,1843,1843,283353.0,6482304,2648,2448,0.04371177285113441,False
LARD_test_synth_VHHH_07L_35_28.jpeg,1844,1844,745596.0,6482304,2648,2448,0.11502021503465434,False
LARD_test_synth_VHHH_25R_35_06.jpeg,1845,1845,13640.0,6482304,2648,2448,0.0021041901151195625,False
LARD_test_synth_VHHH_25R_35_07.jpeg,1846,1846,9790.0,6482304,2648,2448,0.001510265485851944,False
LARD_test_synth_VHHH_25R_35_08.jpeg,1847,1847,15264.0,6482304,2648,2448,0.002354718322374267,False
LARD_test_synth_VHHH_25R_35_09.jpeg,1848,1848,19624.0,6482304,2648,2448,0.0030273186817526606,False
LARD_test_synth_VHHH_25R_35_10.jpeg,1849,1849,20895.0,6482304,2648,2448,0.003223390942479711,False
LARD_test_synth_VHHH_25R_35_11.jpeg,1850,1850,26586.0,6482304,2648,2448,0.004101319530833481,False
LARD_test_synth_VHHH_25R_35_12.jpeg,1851,1851,15190.0,6482304,2648,2448,0.002343302628201331,False
LARD_test_synth_VHHH_25R_35_13.jpeg,1852,1852,21384.0,6482304,2648,2448,0.003298827083703572,False
LARD_test_synth_VHHH_25R_35_14.jpeg,1853,1853,40590.0,6482304,2648,2448,0.006261662519992891,False
LARD_test_synth_VHHH_25R_35_15.jpeg,1854,1854,23870.0,6482304,2648,2448,0.0036823327014592344,False
LARD_test_synth_VHHH_25R_35_16.jpeg,1855,1855,34744.0,6482304,2648,2448,0.005359822680330944,False
LARD_test_synth_VHHH_25R_35_17.jpeg,1856,1856,27873.0,6482304,2648,2448,0.004299860049760085,False
LARD_test_synth_VHHH_25R_35_18.jpeg,1857,1857,42217.0,6482304,2648,2448,0.006512653525660012,False
LARD_test_synth_VHHH_25R_35_19.jpeg,1858,1858,42823.0,6482304,2648,2448,0.0066061388049681105,False
LARD_test_synth_VHHH_25R_35_20.jpeg,1859,1859,45816.0,6482304,2648,2448,0.007067857354422132,False
LARD_test_synth_VHHH_25R_35_21.jpeg,1860,1860,76184.0,6482304,2648,2448,0.011752611417175127,False
LARD_test_synth_VHHH_25R_35_22.jpeg,1861,1861,90468.0,6482304,2648,2448,0.013956148924826729,False
LARD_test_synth_VHHH_25R_35_23.jpeg,1862,1862,78402.0,6482304,2648,2448,0.012094773710088266,False
LARD_test_synth_VHHH_25R_35_24.jpeg,1863,1863,170116.0,6482304,2648,2448,0.02624313824220524,False
LARD_test_synth_VHHH_25R_35_25.jpeg,1864,1864,110194.0,6482304,2648,2448,0.016999202752601545,False
LARD_test_synth_VHHH_25R_35_26.jpeg,1865,1865,179088.0,6482304,2648,2448,0.027627214027605,False
LARD_test_synth_VHHH_25R_35_27.jpeg,1866,1866,172220.0,6482304,2648,2448,0.026567714195446557,False
LARD_test_synth_VHHH_25R_35_28.jpeg,1867,1867,190836.0,6482304,2648,2448,0.02943953261062733,False
LARD_test_synth_VHHH_25R_35_29.jpeg,1868,1868,419042.0,6482304,2648,2448,0.06464399077858736,False
LARD_test_synth_VHHH_25R_35_30.jpeg,1869,1869,410688.0,6482304,2648,2448,0.06335525146614537,False
LARD_test_synth_VOTV_14_35_00.jpeg,1870,1870,4032.0,6482304,2648,2448,0.0006220010662875423,False
LARD_test_synth_VOTV_14_35_01.jpeg,1871,1871,2624.0,6482304,2648,2448,0.00040479434472681316,False
LARD_test_synth_VOTV_14_35_02.jpeg,1872,1872,9006.0,6482304,2648,2448,0.0013893208340738108,False
LARD_test_synth_VOTV_14_35_03.jpeg,1873,1873,6450.0,6482304,2648,2448,0.000995016586695101,False
LARD_test_synth_VOTV_14_35_04.jpeg,1874,1874,7392.0,6482304,2648,2448,0.0011403352881938274,False
LARD_test_synth_VOTV_14_35_05.jpeg,1875,1875,5130.0,6482304,2648,2448,0.0007913852852319175,False
LARD_test_synth_VOTV_14_35_06.jpeg,1876,1876,8730.0,6482304,2648,2448,0.0013467433801315088,False
LARD_test_synth_VOTV_14_35_07.jpeg,1877,1877,7252.0,6482304,2648,2448,0.0011187380289477322,False
LARD_test_synth_VOTV_14_35_08.jpeg,1878,1878,5110.0,6482304,2648,2448,0.0007882999624824753,False
LARD_test_synth_VOTV_14_35_09.jpeg,1879,1879,7906.0,6482304,2648,2448,0.0012196280828544912,False
LARD_test_synth_VOTV_14_35_10.jpeg,1880,1880,8208.0,6482304,2648,2448,0.001266216456371068,False
LARD_test_synth_VOTV_14_35_11.jpeg,1881,1881,5510.0,6482304,2648,2448,0.0008500064174713188,False
LARD_test_synth_VOTV_14_35_12.jpeg,1882,1882,6490.0,6482304,2648,2448,0.0010011872321939853,False
LARD_test_synth_VOTV_14_35_13.jpeg,1883,1883,18848.0,6482304,2648,2448,0.0029076081590743044,False
LARD_test_synth_VOTV_14_35_14.jpeg,1884,1884,17136.0,6482304,2648,2448,0.0026435045317220545,False
LARD_test_synth_VOTV_14_35_15.jpeg,1885,1885,8118.0,6482304,2648,2448,0.0012523325039985782,False
LARD_test_synth_VOTV_14_35_16.jpeg,1886,1886,27324.0,6482304,2648,2448,0.004215167940287898,False
LARD_test_synth_VOTV_14_35_17.jpeg,1887,1887,22278.0,6482304,2648,2448,0.0034367410106036374,False
LARD_test_synth_VOTV_14_35_18.jpeg,1888,1888,18645.0,6482304,2648,2448,0.0028762921331674665,False
LARD_test_synth_VOTV_14_35_19.jpeg,1889,1889,24840.0,6482304,2648,2448,0.0038319708548071795,False
LARD_test_synth_VOTV_14_35_20.jpeg,1890,1890,15624.0,6482304,2648,2448,0.0024102541318642263,False
LARD_test_synth_VOTV_14_35_21.jpeg,1891,1891,21063.0,6482304,2648,2448,0.003249307653575025,False
LARD_test_synth_VOTV_14_35_22.jpeg,1892,1892,24644.0,6482304,2648,2448,0.0038017346918626464,False
LARD_test_synth_VOTV_14_35_23.jpeg,1893,1893,10800.0,6482304,2648,2448,0.0016660742846987737,False
LARD_test_synth_VOTV_14_35_24.jpeg,1894,1894,23290.0,6482304,2648,2448,0.0035928583417254114,False
LARD_test_synth_VOTV_14_35_25.jpeg,1895,1895,39260.0,6482304,2648,2448,0.006056488557154987,False
LARD_test_synth_VOTV_14_35_26.jpeg,1896,1896,25344.0,6482304,2648,2448,0.003909720988093122,False
LARD_test_synth_VOTV_14_35_27.jpeg,1897,1897,51906.0,6482304,2648,2448,0.008007338131627273,False
LARD_test_synth_VOTV_14_35_28.jpeg,1898,1898,82104.0,6482304,2648,2448,0.012665866951010012,False
LARD_test_synth_VOTV_14_35_29.jpeg,1899,1899,95190.0,6482304,2648,2448,0.014684593625970025,False
LARD_test_synth_VOTV_14_35_30.jpeg,1900,1900,150682.0,6482304,2648,2448,0.02324513012657228,False
LARD_test_synth_VOTV_14_35_31.jpeg,1901,1901,289294.0,6482304,2648,2448,0.04462826797385621,False
LARD_test_synth_VOTV_14_35_32.jpeg,1902,1902,300080.0,6482304,2648,2448,0.04629218253263037,False
LARD_test_synth_VOTV_32_35_00.jpeg,1903,1903,6223.0,6482304,2648,2448,0.0009599981734889323,False
LARD_test_synth_VOTV_32_35_01.jpeg,1904,1904,5184.0,6482304,2648,2448,0.0007997156566554114,False
LARD_test_synth_VOTV_32_35_02.jpeg,1905,1905,4992.0,6482304,2648,2448,0.0007700965582607666,False
LARD_test_synth_VOTV_32_35_03.jpeg,1906,1906,5432.0,6482304,2648,2448,0.0008379736587484943,False
LARD_test_synth_VOTV_32_35_04.jpeg,1907,1907,7810.0,6482304,2648,2448,0.0012048185336571689,False
LARD_test_synth_VOTV_32_35_05.jpeg,1908,1908,4872.0,6482304,2648,2448,0.0007515846217641135,False
LARD_test_synth_VOTV_32_35_06.jpeg,1909,1909,6930.0,6482304,2648,2448,0.0010690643326817131,False
LARD_test_synth_VOTV_32_35_07.jpeg,1910,1910,9000.0,6482304,2648,2448,0.0013883952372489782,False
LARD_test_synth_VOTV_32_35_08.jpeg,1911,1911,8544.0,6482304,2648,2448,0.0013180498785616967,False
LARD_test_synth_VOTV_32_35_09.jpeg,1912,1912,6519.0,6482304,2648,2448,0.0010056609501806766,False
LARD_test_synth_VOTV_32_35_10.jpeg,1913,1913,6840.0,6482304,2648,2448,0.0010551803803092233,False
LARD_test_synth_VOTV_32_35_11.jpeg,1914,1914,7104.0,6482304,2648,2448,0.00109590664060186,False
LARD_test_synth_VOTV_32_35_12.jpeg,1915,1915,12626.0,6482304,2648,2448,0.0019477642517228442,False
LARD_test_synth_VOTV_32_35_13.jpeg,1916,1916,13416.0,6482304,2648,2448,0.00206963450032581,False
LARD_test_synth_VOTV_32_35_14.jpeg,1917,1917,12524.0,6482304,2648,2448,0.0019320291057006891,False
LARD_test_synth_VOTV_32_35_15.jpeg,1918,1918,27122.0,6482304,2648,2448,0.004184006180518532,False
LARD_test_synth_VOTV_32_35_16.jpeg,1919,1919,30444.0,6482304,2648,2448,0.004696478289200876,False
LARD_test_synth_VOTV_32_35_17.jpeg,1920,1920,16240.0,6482304,2648,2448,0.002505282072547045,False
LARD_test_synth_VOTV_32_35_18.jpeg,1921,1921,17854.0,6482304,2648,2448,0.0027542676184270283,False
LARD_test_synth_VOTV_32_35_19.jpeg,1922,1922,23142.0,6482304,2648,2448,0.003570026953379539,False
LARD_test_synth_VOTV_32_35_20.jpeg,1923,1923,22005.0,6482304,2648,2448,0.0033946263550737516,False
LARD_test_synth_VOTV_32_35_21.jpeg,1924,1924,35088.0,6482304,2648,2448,0.00541289023162135,False
LARD_test_synth_VOTV_32_35_22.jpeg,1925,1925,22946.0,6482304,2648,2448,0.0035397907904350058,False
LARD_test_synth_VOTV_32_35_23.jpeg,1926,1926,63685.0,6482304,2648,2448,0.00982443896491124,False
LARD_test_synth_VOTV_32_35_24.jpeg,1927,1927,60210.0,6482304,2648,2448,0.009288364137195663,False
LARD_test_synth_VOTV_32_35_25.jpeg,1928,1928,67797.0,6482304,2648,2448,0.010458781322196553,False
LARD_test_synth_VOTV_32_35_26.jpeg,1929,1929,295855.0,6482304,2648,2448,0.04564040810181071,False
LARD_test_synth_VOTV_32_35_27.jpeg,1930,1930,525759.0,6482304,2648,2448,0.08110681017119839,False
LARD_test_synth_VOTV_32_35_28.jpeg,1931,1931,660960.0,6482304,2648,2448,0.10196374622356495,False
LARD_test_synth_VOTV_32_35_30.jpeg,1932,1932,1697358.0,6482304,2648,2448,0.26184486256738343,False
LARD_test_synth_VQPR_15_35_21.jpeg,1933,1933,49098.0,6482304,2648,2448,0.007574158817605592,False
LARD_test_synth_VQPR_15_35_22.jpeg,1934,1934,71610.0,6482304,2648,2448,0.011046998104377703,False
LARD_test_synth_VQPR_15_35_23.jpeg,1935,1935,60384.0,6482304,2648,2448,0.00931520644511581,False
LARD_test_synth_VQPR_15_35_24.jpeg,1936,1936,48972.0,6482304,2648,2448,0.007554721284284106,False
LARD_test_synth_VQPR_15_35_25.jpeg,1937,1937,166320.0,6482304,2648,2448,0.025657543984361115,False
LARD_test_synth_VQPR_15_35_26.jpeg,1938,1938,105740.0,6482304,2648,2448,0.01631210137630077,False
LARD_test_synth_VQPR_15_35_27.jpeg,1939,1939,235872.0,6482304,2648,2448,0.03638706237782122,False
LARD_test_synth_VQPR_15_35_28.jpeg,1940,1940,573087.0,6482304,2648,2448,0.08840791792547835,False
LARD_test_synth_VQPR_15_35_29.jpeg,1941,1941,1050732.0,6482304,2648,2448,0.1620923671583437,False
LARD_test_synth_VQPR_15_35_30.jpeg,1942,1942,1318428.0,6482304,2648,2448,0.20338879509507732,False
LARD_test_synth_VQPR_15_35_31.jpeg,1943,1943,1791264.0,6482304,2648,2448,0.2763313784728393,False
LARD_test_synth_VQPR_33_35_17.jpeg,1944,1944,25060.0,6482304,2648,2448,0.0038659094050510438,False
LARD_test_synth_VQPR_33_35_18.jpeg,1945,1945,9348.0,6482304,2648,2448,0.001442079853089272,False
LARD_test_synth_VQPR_33_35_19.jpeg,1946,1946,10220.0,6482304,2648,2448,0.0015765999249649507,False
LARD_test_synth_VQPR_33_35_20.jpeg,1947,1947,11174.0,6482304,2648,2448,0.0017237698201133425,False
LARD_test_synth_VQPR_33_35_21.jpeg,1948,1948,13552.0,6482304,2648,2448,0.0020906146950220167,False
LARD_test_synth_VQPR_33_35_22.jpeg,1949,1949,43875.0,6482304,2648,2448,0.006768426781588769,False
LARD_test_synth_VQPR_33_35_23.jpeg,1950,1950,48312.0,6482304,2648,2448,0.007452905633552514,False
LARD_test_synth_VQPR_33_35_24.jpeg,1951,1951,68634.0,6482304,2648,2448,0.010587902079260707,False
LARD_test_synth_VQPR_33_35_25.jpeg,1952,1952,52832.0,6482304,2648,2448,0.008150188574926446,False
LARD_test_synth_VQPR_33_35_26.jpeg,1953,1953,199908.0,6482304,2648,2448,0.030839035009774304,False
LARD_test_synth_VQPR_33_35_27.jpeg,1954,1954,124548.0,6482304,2648,2448,0.019213538889876192,False
LARD_test_synth_WSSS_02L_35_00.jpeg,1955,1955,4964.0,6482304,2648,2448,0.0007657771064115475,False
LARD_test_synth_WSSS_02L_35_01.jpeg,1956,1956,6984.0,6482304,2648,2448,0.001077394704105207,False
LARD_test_synth_WSSS_02L_35_02.jpeg,1957,1957,12972.0,6482304,2648,2448,0.0020011403352881937,False
LARD_test_synth_WSSS_02L_35_03.jpeg,1958,1958,6630.0,6482304,2648,2448,0.0010227844914400806,False
LARD_test_synth_WSSS_02L_35_04.jpeg,1959,1959,4300.0,6482304,2648,2448,0.0006633443911300673,False
LARD_test_synth_WSSS_02L_35_05.jpeg,1960,1960,3468.0,6482304,2648,2448,0.0005349949647532729,False
LARD_test_synth_WSSS_02L_35_06.jpeg,1961,1961,4420.0,6482304,2648,2448,0.0006818563276267203,False
LARD_test_synth_WSSS_02L_35_07.jpeg,1962,1962,14472.0,6482304,2648,2448,0.002232539541496357,False
LARD_test_synth_WSSS_02L_35_08.jpeg,1963,1963,9991.0,6482304,2648,2448,0.0015412729794838378,False
LARD_test_synth_WSSS_02L_35_09.jpeg,1964,1964,12317.0,6482304,2648,2448,0.0019000960152439625,False
LARD_test_synth_WSSS_02L_35_10.jpeg,1965,1965,15904.0,6482304,2648,2448,0.0024534486503564163,False
LARD_test_synth_WSSS_02L_35_11.jpeg,1966,1966,9163.0,6482304,2648,2448,0.001413540617656932,False
LARD_test_synth_WSSS_02L_35_12.jpeg,1967,1967,14008.0,6482304,2648,2448,0.0021609600537092983,False
LARD_test_synth_WSSS_02L_35_13.jpeg,1968,1968,15678.0,6482304,2648,2448,0.0024185845032877198,False
LARD_test_synth_WSSS_02L_35_14.jpeg,1969,1969,7600.0,6482304,2648,2448,0.001172422644788026,False
LARD_test_synth_WSSS_02L_35_15.jpeg,1970,1970,30057.0,6482304,2648,2448,0.00463677729399917,False
LARD_test_synth_WSSS_02L_35_16.jpeg,1971,1971,15456.0,6482304,2648,2448,0.0023843374207689117,False
LARD_test_synth_WSSS_02L_35_17.jpeg,1972,1972,16385.0,6482304,2648,2448,0.002527650662480501,False
LARD_test_synth_WSSS_02L_35_18.jpeg,1973,1973,15080.0,6482304,2648,2448,0.002326333353079399,False
LARD_test_synth_WSSS_02L_35_19.jpeg,1974,1974,24050.0,6482304,2648,2448,0.003710100606204214,False
LARD_test_synth_WSSS_02L_35_20.jpeg,1975,1975,26070.0,6482304,2648,2448,0.004021718203897873,False
LARD_test_synth_WSSS_02L_35_21.jpeg,1976,1976,43665.0,6482304,2648,2448,0.006736030892719625,True
LARD_test_synth_WSSS_02L_35_22.jpeg,1977,1977,46434.0,6482304,2648,2448,0.007163193827379895,False
LARD_test_synth_WSSS_02L_35_23.jpeg,1978,1978,54200.0,6482304,2648,2448,0.00836122465098829,False
LARD_test_synth_WSSS_02L_35_24.jpeg,1979,1979,104410.0,6482304,2648,2448,0.016106927413462868,False
LARD_test_synth_WSSS_02L_35_25.jpeg,1980,1980,118002.0,6482304,2648,2448,0.018203712753983768,False
LARD_test_synth_WSSS_02L_35_26.jpeg,1981,1981,141669.0,6482304,2648,2448,0.021854729429536163,False
LARD_test_synth_WSSS_02L_35_27.jpeg,1982,1982,352272.0,6482304,2648,2448,0.05434364077957467,False
LARD_test_synth_WSSS_02L_35_30.jpeg,1983,1983,878592.0,6482304,2648,2448,0.1355369942538949,False
LARD_test_synth_WSSS_20R_35_00.jpeg,1984,1984,8374.0,6482304,2648,2448,0.001291824635191438,False
LARD_test_synth_WSSS_20R_35_01.jpeg,1985,1985,4235.0,6482304,2648,2448,0.0006533170921943803,False
LARD_test_synth_WSSS_20R_35_02.jpeg,1986,1986,3696.0,6482304,2648,2448,0.0005701676440969137,False
LARD_test_synth_WSSS_20R_35_03.jpeg,1987,1987,4361.0,6482304,2648,2448,0.000672754625515866,False
LARD_test_synth_WSSS_20R_35_04.jpeg,1988,1988,5880.0,6482304,2648,2448,0.000907084888335999,False
LARD_test_synth_WSSS_20R_35_05.jpeg,1989,1989,5508.0,6482304,2648,2448,0.0008496978851963746,False
LARD_test_synth_WSSS_20R_35_06.jpeg,1990,1990,8132.0,6482304,2648,2448,0.0012544922299231878,False
LARD_test_synth_WSSS_20R_35_07.jpeg,1991,1991,7300.0,6482304,2648,2448,0.0011261428035463934,False
LARD_test_synth_WSSS_20R_35_08.jpeg,1992,1992,5952.0,6482304,2648,2448,0.0009181920502339909,False
LARD_test_synth_WSSS_20R_35_09.jpeg,1993,1993,5733.0,6482304,2648,2448,0.0008844077661275991,False
LARD_test_synth_WSSS_20R_35_10.jpeg,1994,1994,8930.0,6482304,2648,2448,0.0013775966076259305,False
LARD_test_synth_WSSS_20R_35_11.jpeg,1995,1995,24625.0,6482304,2648,2448,0.003798803635250676,False
LARD_test_synth_WSSS_20R_35_12.jpeg,1996,1996,7840.0,6482304,2648,2448,0.001209446517781332,False
LARD_test_synth_WSSS_20R_35_13.jpeg,1997,1997,10088.0,6482304,2648,2448,0.0015562367948186325,False
LARD_test_synth_WSSS_20R_35_14.jpeg,1998,1998,12376.0,6482304,2648,2448,0.001909197717354817,False
LARD_test_synth_WSSS_20R_35_15.jpeg,1999,1999,17919.0,6482304,2648,2448,0.0027642949173627153,False
LARD_test_synth_WSSS_20R_35_16.jpeg,2000,2000,15096.0,6482304,2648,2448,0.0023288016112789525,False
LARD_test_synth_WSSS_20R_35_17.jpeg,2001,2001,41811.0,6482304,2648,2448,0.0064500214738463365,False
LARD_test_synth_WSSS_20R_35_18.jpeg,2002,2002,28764.0,6482304,2648,2448,0.0044373111782477345,False
LARD_test_synth_WSSS_20R_35_19.jpeg,2003,2003,31229.0,6482304,2648,2448,0.004817577207116482,False
LARD_test_synth_WSSS_20R_35_20.jpeg,2004,2004,44096.0,6482304,2648,2448,0.006802519597970105,False
LARD_test_synth_WSSS_20R_35_21.jpeg,2005,2005,48285.0,6482304,2648,2448,0.007448740447840768,False
LARD_test_synth_WSSS_20R_35_22.jpeg,2006,2006,65715.0,6482304,2648,2448,0.010137599223979622,False
LARD_test_synth_WSSS_20R_35_23.jpeg,2007,2007,53781.0,6482304,2648,2448,0.008296587139387477,False
LARD_test_synth_WSSS_20R_35_24.jpeg,2008,2008,87776.0,6482304,2648,2448,0.013540864482751812,False
LARD_test_synth_WSSS_20R_35_25.jpeg,2009,2009,67308.0,6482304,2648,2448,0.01038334518097269,False
LARD_test_synth_WSSS_20R_35_26.jpeg,2010,2010,321832.0,6482304,2648,2448,0.04964777955492368,False
LARD_test_synth_WSSS_20R_35_27.jpeg,2011,2011,366324.0,6482304,2648,2448,0.05651138854333274,False
LARD_test_synth_WSSS_20R_35_28.jpeg,2012,2012,766029.0,6482304,2648,2448,0.11817233502162194,False
LARD_test_synth_YBBN_01_35_00.jpeg,2013,2013,4500.0,6482304,2648,2448,0.0006941976186244891,False
LARD_test_synth_YBBN_01_35_01.jpeg,2014,2014,8174.0,6482304,2648,2448,0.0012609714076970164,False
LARD_test_synth_YBBN_01_35_02.jpeg,2015,2015,4029.0,6482304,2648,2448,0.0006215382678751259,False
LARD_test_synth_YBBN_01_35_03.jpeg,2016,2016,7120.0,6482304,2648,2448,0.0010983748988014138,False
LARD_test_synth_YBBN_01_35_04.jpeg,2017,2017,8820.0,6482304,2648,2448,0.0013606273325039986,False
LARD_test_synth_YBBN_01_35_05.jpeg,2018,2018,4655.0,6482304,2648,2448,0.0007181088699326659,False
LARD_test_synth_YBBN_01_35_06.jpeg,2019,2019,4002.0,6482304,2648,2448,0.0006173730821633789,False
LARD_test_synth_YBBN_01_35_07.jpeg,2020,2020,9114.0,6482304,2648,2448,0.0014059815769207986,False
LARD_test_synth_YBBN_01_35_08.jpeg,2021,2021,8040.0,6482304,2648,2448,0.0012402997452757537,False
LARD_test_synth_YBBN_01_35_09.jpeg,2022,2022,9177.0,6482304,2648,2448,0.0014157003435815415,False
LARD_test_synth_YBBN_01_35_10.jpeg,2023,2023,13860.0,6482304,2648,2448,0.0021381286653634262,False
LARD_test_synth_YBBN_01_35_11.jpeg,2024,2024,6780.0,6482304,2648,2448,0.0010459244120608968,False
LARD_test_synth_YBBN_01_35_12.jpeg,2025,2025,15870.0,6482304,2648,2448,0.002448203601682365,False
LARD_test_synth_YBBN_01_35_13.jpeg,2026,2026,14145.0,6482304,2648,2448,0.002182094514542977,False
LARD_test_synth_YBBN_01_35_14.jpeg,2027,2027,21842.0,6482304,2648,2448,0.003369480974665798,False
LARD_test_synth_YBBN_01_35_15.jpeg,2028,2028,10640.0,6482304,2648,2448,0.0016413917027032364,False
LARD_test_synth_YBBN_01_35_16.jpeg,2029,2029,20961.0,6482304,2648,2448,0.00323357250755287,False
LARD_test_synth_YBBN_01_35_17.jpeg,2030,2030,28458.0,6482304,2648,2448,0.004390105740181269,False
LARD_test_synth_YBBN_01_35_18.jpeg,2031,2031,15392.0,6482304,2648,2448,0.002374464387970697,False
LARD_test_synth_YBBN_01_35_19.jpeg,2032,2032,18576.0,6482304,2648,2448,0.002865647769681891,False
LARD_test_synth_YBBN_01_35_20.jpeg,2033,2033,19320.0,6482304,2648,2448,0.0029804217759611396,False
LARD_test_synth_YBBN_01_35_21.jpeg,2034,2034,37620.0,6482304,2648,2448,0.005803492091700729,False
LARD_test_synth_YBBN_01_35_22.jpeg,2035,2035,35908.0,6482304,2648,2448,0.005539388464348478,False
LARD_test_synth_YBBN_01_35_23.jpeg,2036,2036,44091.0,6482304,2648,2448,0.0068017482672827435,False
LARD_test_synth_YBBN_01_35_24.jpeg,2037,2037,225960.0,6482304,2648,2448,0.03485797642319768,False
LARD_test_synth_YBBN_01_35_25.jpeg,2038,2038,186184.0,6482304,2648,2448,0.028721886539107084,False
LARD_test_synth_YBBN_01_35_27.jpeg,2039,2039,264410.0,6482304,2648,2448,0.04078950940900026,False
LARD_test_synth_YBBN_19_35_00.jpeg,2040,2040,2993.0,6482304,2648,2448,0.0004617185494540213,False
LARD_test_synth_YBBN_19_35_01.jpeg,2041,2041,4888.0,6482304,2648,2448,0.0007540528799636672,False
LARD_test_synth_YBBN_19_35_02.jpeg,2042,2042,7650.0,6482304,2648,2448,0.0011801359516616314,False
LARD_test_synth_YBBN_19_35_03.jpeg,2043,2043,14980.0,6482304,2648,2448,0.002310906739332188,False
LARD_test_synth_YBBN_19_35_04.jpeg,2044,2044,15402.0,6482304,2648,2448,0.002376007049345418,False
LARD_test_synth_YBBN_19_35_05.jpeg,2045,2045,21632.0,6482304,2648,2448,0.003337085085796655,False
LARD_test_synth_YBBN_19_35_06.jpeg,2046,2046,8892.0,6482304,2648,2448,0.0013717344944019904,False
LARD_test_synth_YBBN_19_35_07.jpeg,2047,2047,10620.0,6482304,2648,2448,0.0016383063799537943,False
LARD_test_synth_YBBN_19_35_08.jpeg,2048,2048,11760.0,6482304,2648,2448,0.001814169776671998,True
LARD_test_synth_YBBN_19_35_09.jpeg,2049,2049,30906.0,6482304,2648,2448,0.004767749244712991,False
LARD_test_synth_YBBN_19_35_10.jpeg,2050,2050,6360.0,6482304,2648,2448,0.0009811326343226112,False
LARD_test_synth_YBBN_19_35_11.jpeg,2051,2051,4794.0,6482304,2648,2448,0.000739551863041289,False
LARD_test_synth_YBBN_19_35_12.jpeg,2052,2052,17712.0,6482304,2648,2448,0.002732361826905989,True
LARD_test_synth_YBBN_19_35_13.jpeg,2053,2053,17286.0,6482304,2648,2448,0.0026666444523428708,True
LARD_test_synth_YBBN_19_35_14.jpeg,2054,2054,11543.0,6482304,2648,2448,0.0017806940248405506,False
LARD_test_synth_YBBN_19_35_15.jpeg,2055,2055,14111.0,6482304,2648,2448,0.0021768494658689257,False
LARD_test_synth_YBBN_19_35_16.jpeg,2056,2056,22451.0,6482304,2648,2448,0.003463429052386312,False
LARD_test_synth_YBBN_19_35_17.jpeg,2057,2057,30192.0,6482304,2648,2448,0.004657603222557905,False
LARD_test_synth_YBBN_19_35_18.jpeg,2058,2058,18369.0,6482304,2648,2448,0.0028337146792251646,False
LARD_test_synth_YBBN_19_35_19.jpeg,2059,2059,12000.0,6482304,2648,2448,0.001851193649665304,False
LARD_test_synth_YBBN_19_35_20.jpeg,2060,2060,12460.0,6482304,2648,2448,0.0019221560729024742,True
LARD_test_synth_YBBN_19_35_21.jpeg,2061,2061,13973.0,6482304,2648,2448,0.0021555607388977745,False
LARD_test_synth_YBBN_19_35_22.jpeg,2062,2062,14935.0,6482304,2648,2448,0.002303964763145943,False
LARD_test_synth_YBBN_19_35_23.jpeg,2063,2063,25340.0,6482304,2648,2448,0.003909103923543234,False
LARD_test_synth_YBBN_19_35_24.jpeg,2064,2064,98415.0,6482304,2648,2448,0.015182101919317575,False
LARD_test_synth_YBBN_19_35_25.jpeg,2065,2065,72414.0,6482304,2648,2448,0.011171028078905278,False
LARD_test_synth_YBBN_19_35_26.jpeg,2066,2066,89815.0,6482304,2648,2448,0.01385541313705744,False
LARD_test_synth_YBBN_19_35_27.jpeg,2067,2067,301430.0,6482304,2648,2448,0.04650044181821772,False
LARD_test_synth_YBBN_19_35_28.jpeg,2068,2068,166996.0,6482304,2648,2448,0.02576182789329226,False
LARD_test_synth_YBBN_19_35_29.jpeg,2069,2069,256389.0,6482304,2648,2448,0.03955214072033647,False
LARD_test_synth_YMLT_14R_35_00.jpeg,2070,2070,2145.0,6482304,2648,2448,0.00033090086487767313,False
LARD_test_synth_YMLT_14R_35_01.jpeg,2071,2071,2744.0,6482304,2648,2448,0.0004233062812234662,False
LARD_test_synth_YMLT_14R_35_02.jpeg,2072,2072,4543.0,6482304,2648,2448,0.0007008310625357898,False
LARD_test_synth_YMLT_14R_35_03.jpeg,2073,2073,3888.0,6482304,2648,2448,0.0005997867424915585,False
LARD_test_synth_YMLT_14R_35_04.jpeg,2074,2074,7168.0,6482304,2648,2448,0.001105779673400075,False
LARD_test_synth_YMLT_14R_35_05.jpeg,2075,2075,4930.0,6482304,2648,2448,0.0007605320577374958,False
LARD_test_synth_YMLT_14R_35_06.jpeg,2076,2076,2880.0,6482304,2648,2448,0.000444286475919673,False
LARD_test_synth_YMLT_14R_35_07.jpeg,2077,2077,4489.0,6482304,2648,2448,0.0006925006911122958,False
LARD_test_synth_YMLT_14R_35_08.jpeg,2078,2078,4047.0,6482304,2648,2448,0.0006243150583496238,False
LARD_test_synth_YMLT_14R_35_09.jpeg,2079,2079,4380.0,6482304,2648,2448,0.0006756856821278361,False
LARD_test_synth_YMLT_14R_35_10.jpeg,2080,2080,9240.0,6482304,2648,2448,0.0014254191102422843,False
LARD_test_synth_YMLT_14R_35_11.jpeg,2081,2081,4838.0,6482304,2648,2448,0.0007463395730900618,False
LARD_test_synth_YMLT_14R_35_12.jpeg,2082,2082,7722.0,6482304,2648,2448,0.0011912431135596233,False
LARD_test_synth_YMLT_14R_35_13.jpeg,2083,2083,10028.0,6482304,2648,2448,0.0015469808265703058,False
LARD_test_synth_YMLT_14R_35_14.jpeg,2084,2084,14017.0,6482304,2648,2448,0.0021623484489465476,False
LARD_test_synth_YMLT_14R_35_15.jpeg,2085,2085,13081.0,6482304,2648,2448,0.002017955344272654,False
LARD_test_synth_YMLT_14R_35_16.jpeg,2086,2086,16065.0,6482304,2648,2448,0.002478285498489426,False
LARD_test_synth_YMLT_14R_35_17.jpeg,2087,2087,44544.0,6482304,2648,2448,0.006871630827557609,False
LARD_test_synth_YMLT_14R_35_18.jpeg,2088,2088,29280.0,6482304,2648,2448,0.004516912505183342,False
LARD_test_synth_YMLT_14R_35_19.jpeg,2089,2089,26696.0,6482304,2648,2448,0.004118288805955413,False
LARD_test_synth_YMLT_14R_35_20.jpeg,2090,2090,48689.0,6482304,2648,2448,0.0075110639673794995,False
LARD_test_synth_YMLT_14R_35_21.jpeg,2091,2091,29714.0,6482304,2648,2448,0.004583864008846237,False
LARD_test_synth_YMLT_14R_35_22.jpeg,2092,2092,42365.0,6482304,2648,2448,0.006535484914005884,False
LARD_test_synth_YMLT_14R_35_23.jpeg,2093,2093,69841.0,6482304,2648,2448,0.010774101307189542,False
LARD_test_synth_YMLT_14R_35_24.jpeg,2094,2094,43928.0,6482304,2648,2448,0.00677660288687479,False
LARD_test_synth_YMLT_14R_35_25.jpeg,2095,2095,72792.0,6482304,2648,2448,0.011229340678869736,False
LARD_test_synth_YMLT_14R_35_26.jpeg,2096,2096,112711.0,6482304,2648,2448,0.017387490620618843,False
LARD_test_synth_YMLT_14R_35_27.jpeg,2097,2097,101283.0,6482304,2648,2448,0.015624537201587584,False
LARD_test_synth_YMLT_14R_35_28.jpeg,2098,2098,144936.0,6482304,2648,2448,0.022358716900657542,False
LARD_test_synth_YMLT_14R_35_29.jpeg,2099,2099,116820.0,6482304,2648,2448,0.018021370179491736,False
LARD_test_synth_YMLT_14R_35_30.jpeg,2100,2100,158916.0,6482304,2648,2448,0.024515357502517623,False
LARD_test_synth_YMLT_32L_35_00.jpeg,2101,2101,7560.0,6482304,2648,2448,0.0011662519992891415,False
LARD_test_synth_YMLT_32L_35_01.jpeg,2102,2102,3551.0,6482304,2648,2448,0.000547799054163458,False
LARD_test_synth_YMLT_32L_35_02.jpeg,2103,2103,5874.0,6482304,2648,2448,0.0009061592915111664,False
LARD_test_synth_YMLT_32L_35_03.jpeg,2104,2104,3828.0,6482304,2648,2448,0.000590530774243232,False
LARD_test_synth_YMLT_32L_35_04.jpeg,2105,2105,3168.0,6482304,2648,2448,0.0004887151235116403,False
LARD_test_synth_YMLT_32L_35_05.jpeg,2106,2106,3726.0,6482304,2648,2448,0.000574795628221077,False
LARD_test_synth_YMLT_32L_35_06.jpeg,2107,2107,5760.0,6482304,2648,2448,0.000888572951839346,False
LARD_test_synth_YMLT_32L_35_07.jpeg,2108,2108,3498.0,6482304,2648,2448,0.0005396229488774362,False
LARD_test_synth_YMLT_32L_35_08.jpeg,2109,2109,5104.0,6482304,2648,2448,0.0007873743656576427,False
LARD_test_synth_YMLT_32L_35_09.jpeg,2110,2110,5607.0,6482304,2648,2448,0.0008649702328061134,False
LARD_test_synth_YMLT_32L_35_10.jpeg,2111,2111,8928.0,6482304,2648,2448,0.0013772880753509863,False
LARD_test_synth_YMLT_32L_35_11.jpeg,2112,2112,5642.0,6482304,2648,2448,0.0008703695476176372,False
LARD_test_synth_YMLT_32L_35_12.jpeg,2113,2113,9646.0,6482304,2648,2448,0.0014880511620559604,False
LARD_test_synth_YMLT_32L_35_13.jpeg,2114,2114,11390.0,6482304,2648,2448,0.001757091305807318,False
LARD_test_synth_YMLT_32L_35_14.jpeg,2115,2115,19608.0,6482304,2648,2448,0.003024850423553107,False
LARD_test_synth_YMLT_32L_35_15.jpeg,2116,2116,35150.0,6482304,2648,2448,0.00542245473214462,False
LARD_test_synth_YMLT_32L_35_16.jpeg,2117,2117,24254.0,6482304,2648,2448,0.003741570898248524,False
LARD_test_synth_YMLT_32L_35_17.jpeg,2118,2118,34980.0,6482304,2648,2448,0.005396229488774362,False
LARD_test_synth_YMLT_32L_35_18.jpeg,2119,2119,41976.0,6482304,2648,2448,0.0064754753865292345,False
LARD_test_synth_YMLT_32L_35_19.jpeg,2120,2120,40572.0,6482304,2648,2448,0.006258885729518393,False
LARD_test_synth_YMLT_32L_35_20.jpeg,2121,2121,65025.0,6482304,2648,2448,0.010031155589123868,False
LARD_test_synth_YMLT_32L_35_21.jpeg,2122,2122,138650.0,6482304,2648,2448,0.02138899996050787,False
LARD_test_synth_YMLT_32L_35_22.jpeg,2123,2123,164020.0,6482304,2648,2448,0.025302731868175266,False
LARD_test_synth_YMLT_32L_35_23.jpeg,2124,2124,417822.0,6482304,2648,2448,0.0644557860908714,False
LARD_test_synth_YMLT_32L_35_24.jpeg,2125,2125,456396.0,6482304,2648,2448,0.07040644807772052,False
LARD_test_synth_YMLT_32L_35_25.jpeg,2126,2126,481572.0,6482304,2648,2448,0.07429025235471833,False
LARD_test_synth_YMLT_32L_35_26.jpeg,2127,2127,732228.0,6482304,2648,2448,0.1129579853089272,False
LARD_test_synth_YMLT_32L_35_27.jpeg,2128,2128,583308.0,6482304,2648,2448,0.08998467211658077,False
LARD_test_synth_YMLT_32L_35_28.jpeg,2129,2129,784078.0,6482304,2648,2448,0.12095668453685603,False
LARD_test_synth_ZBAA_01_35_10.jpeg,2130,2130,20160.0,6482304,2648,2448,0.003110005331437711,False
LARD_test_synth_ZBAA_01_35_11.jpeg,2131,2131,12236.0,6482304,2648,2448,0.0018876004581087219,False
LARD_test_synth_ZBAA_01_35_12.jpeg,2132,2132,15851.0,6482304,2648,2448,0.0024452725450703947,False
LARD_test_synth_ZBAA_01_35_13.jpeg,2133,2133,15180.0,6482304,2648,2448,0.0023417599668266098,False
LARD_test_synth_ZBAA_01_35_14.jpeg,2134,2134,10010.0,6482304,2648,2448,0.001544204036095808,False
LARD_test_synth_ZBAA_01_35_15.jpeg,2135,2135,12998.0,6482304,2648,2448,0.0020051512548624685,False
LARD_test_synth_ZBAA_01_35_16.jpeg,2136,2136,17696.0,6482304,2648,2448,0.0027298935687064354,False
LARD_test_synth_ZBAA_01_35_17.jpeg,2137,2137,23564.0,6482304,2648,2448,0.003635127263392769,False
LARD_test_synth_ZBAA_01_35_18.jpeg,2138,2138,35490.0,6482304,2648,2448,0.005474905218885137,False
LARD_test_synth_ZBAA_01_35_19.jpeg,2139,2139,29920.0,6482304,2648,2448,0.004615642833165492,False
LARD_test_synth_ZBAA_01_35_20.jpeg,2140,2140,25654.0,6482304,2648,2448,0.0039575434907094765,False
LARD_test_synth_ZBAA_01_35_21.jpeg,2141,2141,58672.0,6482304,2648,2448,0.00905110281776356,False
LARD_test_synth_ZBAA_01_35_22.jpeg,2142,2142,55800.0,6482304,2648,2448,0.008608050470943665,False
LARD_test_synth_ZBAA_01_35_23.jpeg,2143,2143,38626.0,6482304,2648,2448,0.00595868382599767,False
LARD_test_synth_ZBAA_01_35_24.jpeg,2144,2144,58290.0,6482304,2648,2448,0.008992173153249215,False
LARD_test_synth_ZBAA_01_35_25.jpeg,2145,2145,113160.0,6482304,2648,2448,0.017456756116343817,False
LARD_test_synth_ZBAA_01_35_26.jpeg,2146,2146,69174.0,6482304,2648,2448,0.010671205793495646,False
LARD_test_synth_ZBAA_01_35_27.jpeg,2147,2147,122400.0,6482304,2648,2448,0.0188821752265861,False
LARD_test_synth_ZBAA_01_35_28.jpeg,2148,2148,106148.0,6482304,2648,2448,0.016375041960389393,False
LARD_test_synth_ZBAA_01_35_29.jpeg,2149,2149,117504.0,6482304,2648,2448,0.01812688821752266,False
LARD_test_synth_ZBAA_01_35_30.jpeg,2150,2150,250920.0,6482304,2648,2448,0.03870845921450151,False
LARD_test_synth_ZBAA_01_35_31.jpeg,2151,2151,415406.0,6482304,2648,2448,0.06408307910273878,False
LARD_test_synth_ZBAA_18L_35_12.jpeg,2152,2152,18954.0,6482304,2648,2448,0.002923960369646348,False
LARD_test_synth_ZBAA_18L_35_13.jpeg,2153,2153,13685.0,6482304,2648,2448,0.0021111320913058075,False
LARD_test_synth_ZBAA_18L_35_14.jpeg,2154,2154,8925.0,6482304,2648,2448,0.00137682527693857,False
LARD_test_synth_ZBAA_18L_35_15.jpeg,2155,2155,22022.0,6482304,2648,2448,0.0033972488794107776,False
LARD_test_synth_ZBAA_18L_35_16.jpeg,2156,2156,15080.0,6482304,2648,2448,0.002326333353079399,False
LARD_test_synth_ZBAA_18L_35_17.jpeg,2157,2157,15408.0,6482304,2648,2448,0.0023769326461702506,False
LARD_test_synth_ZBAA_18L_35_18.jpeg,2158,2158,14112.0,6482304,2648,2448,0.0021770037320063976,False
LARD_test_synth_ZBAA_18L_35_19.jpeg,2159,2159,24168.0,6482304,2648,2448,0.0037283040104259227,False
LARD_test_synth_ZBAA_18L_35_20.jpeg,2160,2160,22000.0,6482304,2648,2448,0.0033938550243863912,False
LARD_test_synth_ZBAA_18L_35_21.jpeg,2161,2161,53196.0,6482304,2648,2448,0.008206341448966294,False
LARD_test_synth_ZBAA_18L_35_22.jpeg,2162,2162,51626.0,6482304,2648,2448,0.007964143613135083,False
LARD_test_synth_ZBAA_18L_35_23.jpeg,2163,2163,45784.0,6482304,2648,2448,0.007062920838023024,False
LARD_test_synth_ZBAA_18L_35_24.jpeg,2164,2164,92971.0,6482304,2648,2448,0.014342277066919417,False
LARD_test_synth_ZBAA_18L_35_25.jpeg,2165,2165,99324.0,6482304,2648,2448,0.015322329838279723,False
LARD_test_synth_ZBAA_18L_35_26.jpeg,2166,2166,103880.0,6482304,2648,2448,0.01602516636060265,False
LARD_test_synth_ZBAA_18L_35_27.jpeg,2167,2167,184320.0,6482304,2648,2448,0.02843433445885907,False
LARD_test_synth_ZBAA_18L_35_28.jpeg,2168,2168,226125.0,6482304,2648,2448,0.03488343033588057,False
LARD_test_synth_ZBAA_18L_35_29.jpeg,2169,2169,960963.0,6482304,2648,2448,0.14824405026360998,False
LARD_test_synth_ZBAA_19_35_10.jpeg,2170,2170,25380.0,6482304,2648,2448,0.003915274569042118,False
LARD_test_synth_ZBAA_19_35_11.jpeg,2171,2171,8640.0,6482304,2648,2448,0.001332859427759019,False
LARD_test_synth_ZBAA_19_35_12.jpeg,2172,2172,18774.0,6482304,2648,2448,0.0028961924649013684,False
LARD_test_synth_ZBAA_19_35_13.jpeg,2173,2173,15300.0,6482304,2648,2448,0.0023602719033232627,False
LARD_test_synth_ZBAA_19_35_14.jpeg,2174,2174,9752.0,6482304,2648,2448,0.0015044033726280038,False
LARD_test_synth_ZBAA_19_35_15.jpeg,2175,2175,17420.0,6482304,2648,2448,0.0026873161147641334,False
LARD_test_synth_ZBAA_19_35_16.jpeg,2176,2176,19190.0,6482304,2648,2448,0.002960367178089766,False
LARD_test_synth_ZBAA_19_35_17.jpeg,2177,2177,14715.0,6482304,2648,2448,0.0022700262129020793,False
LARD_test_synth_ZBAA_19_35_18.jpeg,2178,2178,26274.0,6482304,2648,2448,0.004053188495942183,False
LARD_test_synth_ZBAA_19_35_19.jpeg,2179,2179,21600.0,6482304,2648,2448,0.0033321485693975474,False
LARD_test_synth_ZBAA_19_35_20.jpeg,2180,2180,13992.0,6482304,2648,2448,0.0021584917955097447,False
LARD_test_synth_ZBAA_19_35_21.jpeg,2181,2181,21156.0,6482304,2648,2448,0.0032636544043599313,False
LARD_test_synth_ZBAA_19_35_22.jpeg,2182,2182,21679.0,6482304,2648,2448,0.0033443355942578443,False
LARD_test_synth_ZBAA_19_35_23.jpeg,2183,2183,28800.0,6482304,2648,2448,0.00444286475919673,False
LARD_test_synth_ZBAA_19_35_24.jpeg,2184,2184,29862.0,6482304,2648,2448,0.004606695397192109,False
LARD_test_synth_ZBAA_19_35_25.jpeg,2185,2185,41160.0,6482304,2648,2448,0.006349594218351994,False
LARD_test_synth_ZBAA_19_35_26.jpeg,2186,2186,41067.0,6482304,2648,2448,0.006335247467567087,False
LARD_test_synth_ZBAA_19_35_27.jpeg,2187,2187,90816.0,6482304,2648,2448,0.014009833540667023,False
LARD_test_synth_ZBAA_19_35_28.jpeg,2188,2188,95530.0,6482304,2648,2448,0.014737044112710542,False
LARD_test_synth_ZBAA_19_35_29.jpeg,2189,2189,142912.0,6482304,2648,2448,0.022046482238413996,False
LARD_test_synth_ZBAA_19_35_30.jpeg,2190,2190,167006.0,6482304,2648,2448,0.025763370554666983,False
LARD_test_synth_ZBAA_19_35_31.jpeg,2191,2191,328320.0,6482304,2648,2448,0.05064865825484272,False
LARD_test_synth_ZBAA_19_35_32.jpeg,2192,2192,1572611.0,6482304,2648,2448,0.24260062471615032,False
LARD_test_synth_ZBAA_36R_35_12.jpeg,2193,2193,3871.0,6482304,2648,2448,0.0005971642181545327,False
LARD_test_synth_ZBAA_36R_35_13.jpeg,2194,2194,7320.0,6482304,2648,2448,0.0011292281262958355,False
LARD_test_synth_ZBAA_36R_35_14.jpeg,2195,2195,10201.0,6482304,2648,2448,0.0015736688683529807,False
LARD_test_synth_ZBAA_36R_35_15.jpeg,2196,2196,11502.0,6482304,2648,2448,0.001774369113204194,False
LARD_test_synth_ZBAA_36R_35_16.jpeg,2197,2197,10716.0,6482304,2648,2448,0.0016531159291511166,False
LARD_test_synth_ZBAA_36R_35_17.jpeg,2198,2198,12220.0,6482304,2648,2448,0.001885132199909168,False
LARD_test_synth_ZBAA_36R_35_18.jpeg,2199,2199,25764.0,6482304,2648,2448,0.003974512765831408,False
LARD_test_synth_ZBAA_36R_35_19.jpeg,2200,2200,16779.0,6482304,2648,2448,0.0025884315206445114,False
LARD_test_synth_ZBAA_36R_35_20.jpeg,2201,2201,15207.0,6482304,2648,2448,0.0023459251525383565,False
LARD_test_synth_ZBAA_36R_35_21.jpeg,2202,2202,19886.0,6482304,2648,2448,0.0030677364097703532,False
LARD_test_synth_ZBAA_36R_35_22.jpeg,2203,2203,32351.0,6482304,2648,2448,0.004990663813360188,False
LARD_test_synth_ZBAA_36R_35_23.jpeg,2204,2204,11224.0,6482304,2648,2448,0.0017314831269869479,False
LARD_test_synth_ZBAA_36R_35_24.jpeg,2205,2205,28896.0,6482304,2648,2448,0.0044576743083940525,False
LARD_test_synth_ZBAA_36R_35_25.jpeg,2206,2206,61576.0,6482304,2648,2448,0.009499091680982565,False
LARD_test_synth_ZBAA_36R_35_26.jpeg,2207,2207,42898.0,6482304,2648,2448,0.006617708765278518,False
LARD_test_synth_ZBAA_36R_35_27.jpeg,2208,2208,77308.0,6482304,2648,2448,0.011926006555693779,False
LARD_test_synth_ZBAA_36R_35_28.jpeg,2209,2209,66660.0,6482304,2648,2448,0.010283380723890765,False
LARD_test_synth_ZBAA_36R_35_29.jpeg,2210,2210,91800.0,6482304,2648,2448,0.014161631419939577,False
LARD_test_synth_ZBAA_36R_35_30.jpeg,2211,2211,115666.0,6482304,2648,2448,0.017843347056848924,False
LARD_test_synth_ZBAA_36R_35_31.jpeg,2212,2212,370905.0,6482304,2648,2448,0.05721808171909247,False
